ym,code,same_sgg,same_sido,seoul,other
2023-01,11110,0.5,0.3,0.0,0.2
2023-02,11110,0.4211,0.4211,0.0,0.1579
2023-03,11110,0.3125,0.4375,0.0,0.25
2023-04,11110,0.1842,0.6842,0.0,0.1316
2023-05,11110,0.2927,0.4146,0.0,0.2927
2023-06,11110,0.3939,0.3636,0.0,0.2424
2023-07,11110,0.4,0.4857,0.0,0.1143
2023-08,11110,0.4324,0.4054,0.0,0.1622
2023-09,11110,0.2041,0.5306,0.0,0.2653
2023-10,11110,0.2632,0.3947,0.0,0.3421
2023-11,11110,0.5676,0.2432,0.0,0.1892
2023-12,11110,0.36,0.36,0.0,0.28
2024-01,11110,0.1852,0.6296,0.0,0.1852
2024-02,11110,0.4,0.4,0.0,0.2
2024-03,11110,0.4186,0.3256,0.0,0.2558
2024-04,11110,0.4348,0.3043,0.0,0.2609
2024-05,11110,0.3333,0.4127,0.0,0.254
2024-06,11110,0.3385,0.4769,0.0,0.1846
2024-07,11110,0.369,0.4405,0.0,0.1905
2024-08,11110,0.48,0.3,0.0,0.22
2024-09,11110,0.3415,0.439,0.0,0.2195
2024-10,11110,0.413,0.4783,0.0,0.1087
2024-11,11110,0.4444,0.3704,0.0,0.1852
2024-12,11110,0.1667,0.4722,0.0,0.3611
2025-01,11110,0.25,0.5833,0.0,0.1667
2025-02,11110,0.3077,0.4423,0.0,0.25
2025-03,11110,0.2973,0.4865,0.0,0.2162
2025-04,11110,0.2976,0.3333,0.0,0.369
2025-05,11110,0.2264,0.5283,0.0,0.2453
2025-06,11110,0.3261,0.4891,0.0,0.1848
2025-07,11110,0.4133,0.3733,0.0,0.2133
2025-08,11110,0.283,0.5283,0.0,0.1887
2025-09,11110,0.2105,0.5263,0.0,0.2632
2025-10,11110,0.2679,0.5268,0.0,0.2054
2025-11,11110,0.2157,0.4706,0.0,0.3137
2025-12,11110,0.234,0.5745,0.0,0.1915
2026-01,11110,0.2857,0.5306,0.0,0.1837
2026-02,11110,0.3333,0.4815,0.0,0.1852
2026-03,11110,0.4267,0.4667,0.0,0.1067
2026-04,11110,0.3263,0.4842,0.0,0.1895
2026-05,11110,0.2718,0.3981,0.0,0.3301
2026-06,11110,0.2969,0.5469,0.0,0.1562
2026-07,11110,0.3214,0.4286,0.0,0.25
2026-08,11110,0.32,0.48,0.0,0.2
2023-01,11140,0.25,0.5357,0.0,0.2143
2023-02,11140,0.2,0.525,0.0,0.275
2023-03,11140,0.25,0.4688,0.0,0.2812
2023-04,11140,0.1528,0.6111,0.0,0.2361
2023-05,11140,0.3372,0.3953,0.0,0.2674
2023-06,11140,0.3816,0.3158,0.0,0.3026
2023-07,11140,0.2051,0.5128,0.0,0.2821
2023-08,11140,0.2899,0.5217,0.0,0.1884
2023-09,11140,0.2432,0.5541,0.0,0.2027
2023-10,11140,0.2174,0.4348,0.0,0.3478
2023-11,11140,0.3235,0.3088,0.0,0.3676
2023-12,11140,0.4,0.4,0.0,0.2
2024-01,11140,0.2759,0.5172,0.0,0.2069
2024-02,11140,0.2364,0.6182,0.0,0.1455
2024-03,11140,0.375,0.4062,0.0,0.2188
2024-04,11140,0.2192,0.5342,0.0,0.2466
2024-05,11140,0.3789,0.4632,0.0,0.1579
2024-06,11140,0.2361,0.5556,0.0,0.2083
2024-07,11140,0.2075,0.4969,0.0,0.2956
2024-08,11140,0.275,0.575,0.0,0.15
2024-09,11140,0.1642,0.6269,0.0,0.209
2024-10,11140,0.2239,0.597,0.0,0.1791
2024-11,11140,0.2407,0.5185,0.0,0.2407
2024-12,11140,0.2113,0.5775,0.0,0.2113
2025-01,11140,0.2466,0.5205,0.0,0.2329
2025-02,11140,0.1888,0.5944,0.0,0.2169
2025-03,11140,0.1991,0.5022,0.0,0.2987
2025-04,11140,0.3151,0.4658,0.0,0.2192
2025-05,11140,0.2411,0.5446,0.0,0.2143
2025-06,11140,0.2136,0.5291,0.0,0.2573
2025-07,11140,0.1953,0.5625,0.0,0.2422
2025-08,11140,0.303,0.4848,0.0,0.2121
2025-09,11140,0.2589,0.4911,0.0,0.25
2025-10,11140,0.1739,0.5942,0.0,0.2319
2025-11,11140,0.2785,0.4684,0.0,0.2532
2025-12,11140,0.1209,0.5495,0.0,0.3297
2026-01,11140,0.2344,0.6406,0.0,0.125
2026-02,11140,0.1667,0.6786,0.0,0.1548
2026-03,11140,0.2843,0.5098,0.0,0.2059
2026-04,11140,0.2778,0.5764,0.0,0.1458
2026-05,11140,0.3234,0.509,0.0,0.1677
2026-06,11140,0.2456,0.5789,0.0,0.1754
2026-07,11140,0.307,0.4386,0.0,0.2544
2026-08,11140,0.2022,0.6067,0.0,0.191
2023-01,11170,0.4375,0.25,0.0,0.3125
2023-02,11170,0.3824,0.3235,0.0,0.2941
2023-03,11170,0.3235,0.3529,0.0,0.3235
2023-04,11170,0.2447,0.6596,0.0,0.0957
2023-05,11170,0.3231,0.4,0.0,0.2769
2023-06,11170,0.3529,0.4559,0.0,0.1912
2023-07,11170,0.2958,0.493,0.0,0.2113
2023-08,11170,0.1717,0.6465,0.0,0.1818
2023-09,11170,0.1573,0.736,0.0,0.1067
2023-10,11170,0.2581,0.5376,0.0,0.2043
2023-11,11170,0.3857,0.3714,0.0,0.2429
2023-12,11170,0.2273,0.3864,0.0,0.3864
2024-01,11170,0.24,0.56,0.0,0.2
2024-02,11170,0.2069,0.5345,0.0,0.2586
2024-03,11170,0.3478,0.4638,0.0,0.1884
2024-04,11170,0.3303,0.3761,0.0,0.2936
2024-05,11170,0.3725,0.4314,0.0,0.1961
2024-06,11170,0.3061,0.415,0.0,0.2789
2024-07,11170,0.2712,0.4576,0.0,0.2712
2024-08,11170,0.2541,0.4757,0.0,0.2703
2024-09,11170,0.26,0.59,0.0,0.15
2024-10,11170,0.3085,0.4787,0.0,0.2128
2024-11,11170,0.3902,0.4512,0.0,0.1585
2024-12,11170,0.4227,0.3299,0.0,0.2474
2025-01,11170,0.3,0.4714,0.0,0.2286
2025-02,11170,0.2527,0.5604,0.0,0.1868
2025-03,11170,0.3031,0.4449,0.0,0.252
2025-04,11170,0.2466,0.5785,0.0,0.1749
2025-05,11170,0.3605,0.4419,0.0,0.1977
2025-06,11170,0.2627,0.6102,0.0,0.1271
2025-07,11170,0.356,0.466,0.0,0.178
2025-08,11170,0.2323,0.671,0.0,0.0968
2025-09,11170,0.1955,0.6316,0.0,0.1729
2025-10,11170,0.3597,0.4676,0.0,0.1727
2025-11,11170,0.2746,0.5423,0.0,0.1831
2025-12,11170,0.4167,0.3704,0.0,0.213
2026-01,11170,0.3333,0.4917,0.0,0.175
2026-02,11170,0.3605,0.381,0.0,0.2585
2026-03,11170,0.3363,0.5133,0.0,0.1504
2026-04,11170,0.3423,0.4505,0.0,0.2072
2026-05,11170,0.3544,0.4367,0.0,0.2089
2026-06,11170,0.3396,0.5031,0.0,0.1572
2026-07,11170,0.3566,0.4965,0.0,0.1469
2026-08,11170,0.2065,0.6087,0.0,0.1848
2023-01,11200,0.3828,0.3501,0.0,0.2671
2023-02,11200,0.2156,0.6442,0.0,0.1403
2023-03,11200,0.2842,0.4421,0.0,0.2737
2023-04,11200,0.3284,0.4627,0.0,0.209
2023-05,11200,0.1704,0.6296,0.0,0.2
2023-06,11200,0.2706,0.5459,0.0,0.1835
2023-07,11200,0.2615,0.4667,0.0,0.2718
2023-08,11200,0.3224,0.4626,0.0,0.215
2023-09,11200,0.2802,0.4541,0.0,0.2657
2023-10,11200,0.1516,0.7663,0.0,0.0821
2023-11,11200,0.1602,0.7695,0.0,0.0703
2023-12,11200,0.3465,0.4356,0.0,0.2178
2024-01,11200,0.2682,0.5475,0.0,0.1844
2024-02,11200,0.1467,0.7691,0.0,0.0842
2024-03,11200,0.2678,0.5525,0.0,0.1797
2024-04,11200,0.2672,0.4733,0.0,0.2595
2024-05,11200,0.3056,0.4653,0.0,0.2292
2024-06,11200,0.2312,0.5331,0.0,0.2357
2024-07,11200,0.298,0.4424,0.0,0.2596
2024-08,11200,0.2938,0.4815,0.0,0.2247
2024-09,11200,0.3307,0.4134,0.0,0.2559
2024-10,11200,0.2219,0.6079,0.0,0.1702
2024-11,11200,0.3188,0.4734,0.0,0.2077
2024-12,11200,0.2888,0.5187,0.0,0.1925
2025-01,11200,0.2673,0.4505,0.0,0.2822
2025-02,11200,0.284,0.4784,0.0,0.2377
2025-03,11200,0.2544,0.5183,0.0,0.2273
2025-04,11200,0.3023,0.4865,0.0,0.2112
2025-05,11200,0.2802,0.4442,0.0,0.2756
2025-06,11200,0.2097,0.5585,0.0,0.2318
2025-07,11200,0.2404,0.5255,0.0,0.234
2025-08,11200,0.1653,0.6822,0.0,0.1525
2025-09,11200,0.234,0.5029,0.0,0.2631
2025-10,11200,0.253,0.4808,0.0,0.2663
2025-11,11200,0.2964,0.4923,0.0,0.2113
2025-12,11200,0.1704,0.7444,0.0,0.0852
2026-01,11200,0.0349,0.9313,0.0,0.0338
2026-02,11200,0.2632,0.5564,0.0,0.1805
2026-03,11200,0.2771,0.5723,0.0,0.1506
2026-04,11200,0.3191,0.5191,0.0,0.1617
2026-05,11200,0.2906,0.5567,0.0,0.1527
2026-06,11200,0.3378,0.527,0.0,0.1351
2026-07,11200,0.391,0.4936,0.0,0.1154
2026-08,11200,0.2727,0.5227,0.0,0.2045
2023-01,11215,0.3871,0.2903,0.0,0.3226
2023-02,11215,0.3542,0.25,0.0,0.3958
2023-03,11215,0.3455,0.3091,0.0,0.3455
2023-04,11215,0.459,0.4262,0.0,0.1148
2023-05,11215,0.2031,0.625,0.0,0.1719
2023-06,11215,0.36,0.42,0.0,0.22
2023-07,11215,0.3467,0.4267,0.0,0.2267
2023-08,11215,0.3077,0.359,0.0,0.3333
2023-09,11215,0.1712,0.7389,0.0,0.0899
2023-10,11215,0.4565,0.3587,0.0,0.1848
2023-11,11215,0.2468,0.6429,0.0,0.1104
2023-12,11215,0.5,0.3065,0.0,0.1935
2024-01,11215,0.3457,0.358,0.0,0.2963
2024-02,11215,0.4267,0.3067,0.0,0.2667
2024-03,11215,0.25,0.4671,0.0,0.2829
2024-04,11215,0.4274,0.3629,0.0,0.2097
2024-05,11215,0.4907,0.3148,0.0,0.1944
2024-06,11215,0.251,0.259,0.0,0.49
2024-07,11215,0.4115,0.3766,0.0,0.212
2024-08,11215,0.3116,0.5072,0.0,0.1812
2024-09,11215,0.3512,0.3988,0.0,0.25
2024-10,11215,0.3467,0.4533,0.0,0.2
2024-11,11215,0.3617,0.4149,0.0,0.2234
2024-12,11215,0.3956,0.3846,0.0,0.2198
2025-01,11215,0.4167,0.3519,0.0,0.2315
2025-02,11215,0.319,0.4224,0.0,0.2586
2025-03,11215,0.3964,0.3927,0.0,0.2109
2025-04,11215,0.1239,0.7931,0.0,0.0831
2025-05,11215,0.3795,0.3897,0.0,0.2308
2025-06,11215,0.3586,0.4315,0.0,0.2099
2025-07,11215,0.3502,0.4262,0.0,0.2236
2025-08,11215,0.5366,0.3537,0.0,0.1098
2025-09,11215,0.307,0.4884,0.0,0.2047
2025-10,11215,0.376,0.4123,0.0,0.2117
2025-11,11215,0.2143,0.6429,0.0,0.1429
2025-12,11215,0.3789,0.4105,0.0,0.2105
2026-01,11215,0.5,0.3833,0.0,0.1167
2026-02,11215,0.224,0.6667,0.0,0.1093
2026-03,11215,0.2632,0.693,0.0,0.0439
2026-04,11215,0.4702,0.3631,0.0,0.1667
2026-05,11215,0.2574,0.6287,0.0,0.1139
2026-06,11215,0.4276,0.3882,0.0,0.1842
2026-07,11215,0.4741,0.3362,0.0,0.1897
2026-08,11215,0.4211,0.4737,0.0,0.1053
2023-01,11230,0.2551,0.4168,0.0,0.3281
2023-02,11230,0.1679,0.4618,0.0,0.3703
2023-03,11230,0.3677,0.4258,0.0,0.2065
2023-04,11230,0.3909,0.3786,0.0,0.2305
2023-05,11230,0.1603,0.7392,0.0,0.1004
2023-06,11230,0.1973,0.6654,0.0,0.1373
2023-07,11230,0.1777,0.6635,0.0,0.1588
2023-08,11230,0.1858,0.633,0.0,0.1812
2023-09,11230,0.037,0.9364,0.0,0.0266
2023-10,11230,0.178,0.6731,0.0,0.1489
2023-11,11230,0.3226,0.5188,0.0,0.1586
2023-12,11230,0.1579,0.7646,0.0,0.0774
2024-01,11230,0.1677,0.7348,0.0,0.0976
2024-02,11230,0.3011,0.5125,0.0,0.1864
2024-03,11230,0.3603,0.4332,0.0,0.2065
2024-04,11230,0.2928,0.5822,0.0,0.125
2024-05,11230,0.3297,0.4783,0.0,0.192
2024-06,11230,0.3258,0.4532,0.0,0.221
2024-07,11230,0.153,0.739,0.0,0.1081
2024-08,11230,0.3466,0.4048,0.0,0.2487
2024-09,11230,0.3109,0.427,0.0,0.2622
2024-10,11230,0.2977,0.4465,0.0,0.2558
2024-11,11230,0.2687,0.5075,0.0,0.2239
2024-12,11230,0.2761,0.4627,0.0,0.2612
2025-01,11230,0.2143,0.5798,0.0,0.2059
2025-02,11230,0.2797,0.4406,0.0,0.2797
2025-03,11230,0.3237,0.4701,0.0,0.2062
2025-04,11230,0.2395,0.3481,0.0,0.4124
2025-05,11230,0.2264,0.6094,0.0,0.1642
2025-06,11230,0.2425,0.5479,0.0,0.2096
2025-07,11230,0.3394,0.4776,0.0,0.1829
2025-08,11230,0.3919,0.3961,0.0,0.212
2025-09,11230,0.2142,0.5773,0.0,0.2086
2025-10,11230,0.242,0.5284,0.0,0.2296
2025-11,11230,0.1875,0.5559,0.0,0.2566
2025-12,11230,0.2163,0.4138,0.0,0.3699
2026-01,11230,0.2126,0.5868,0.0,0.2006
2026-02,11230,0.1891,0.6891,0.0,0.1218
2026-03,11230,0.2559,0.5529,0.0,0.1912
2026-04,11230,0.293,0.538,0.0,0.169
2026-05,11230,0.2514,0.581,0.0,0.1676
2026-06,11230,0.2549,0.623,0.0,0.1221
2026-07,11230,0.2689,0.6162,0.0,0.1148
2026-08,11230,0.2619,0.5286,0.0,0.2095
2023-01,11260,0.3429,0.5,0.0,0.1571
2023-02,11260,0.3939,0.4848,0.0,0.1212
2023-03,11260,0.4387,0.2819,0.0,0.2794
2023-04,11260,0.4533,0.4267,0.0,0.12
2023-05,11260,0.3761,0.4495,0.0,0.1743
2023-06,11260,0.2763,0.1711,0.0,0.5526
2023-07,11260,0.1625,0.769,0.0,0.0686
2023-08,11260,0.5686,0.1765,0.0,0.2549
2023-09,11260,0.6082,0.268,0.0,0.1237
2023-10,11260,0.4952,0.3333,0.0,0.1714
2023-11,11260,0.2229,0.6178,0.0,0.1592
2023-12,11260,0.0525,0.9247,0.0,0.0228
2024-01,11260,0.4578,0.3133,0.0,0.2289
2024-02,11260,0.5125,0.35,0.0,0.1375
2024-03,11260,0.5462,0.3109,0.0,0.1429
2024-04,11260,0.5031,0.319,0.0,0.1779
2024-05,11260,0.5556,0.358,0.0,0.0864
2024-06,11260,0.4489,0.3864,0.0,0.1648
2024-07,11260,0.4786,0.3034,0.0,0.2179
2024-08,11260,0.4558,0.3349,0.0,0.2093
2024-09,11260,0.5541,0.3312,0.0,0.1146
2024-10,11260,0.4744,0.25,0.0,0.2756
2024-11,11260,0.4747,0.3838,0.0,0.1414
2024-12,11260,0.4778,0.3222,0.0,0.2
2025-01,11260,0.4907,0.2602,0.0,0.2491
2025-02,11260,0.2847,0.5227,0.0,0.1926
2025-03,11260,0.2168,0.6689,0.0,0.1143
2025-04,11260,0.4087,0.3403,0.0,0.251
2025-05,11260,0.2022,0.7101,0.0,0.0876
2025-06,11260,0.236,0.686,0.0,0.078
2025-07,11260,0.3587,0.5145,0.0,0.1268
2025-08,11260,0.197,0.7242,0.0,0.0788
2025-09,11260,0.311,0.6219,0.0,0.0671
2025-10,11260,0.3553,0.4375,0.0,0.2072
2025-11,11260,0.3037,0.5926,0.0,0.1037
2025-12,11260,0.3508,0.4839,0.0,0.1653
2026-01,11260,0.3228,0.4982,0.0,0.1789
2026-02,11260,0.364,0.4559,0.0,0.1801
2026-03,11260,0.386,0.4912,0.0,0.1228
2026-04,11260,0.4171,0.4786,0.0,0.1043
2026-05,11260,0.1863,0.7697,0.0,0.044
2026-06,11260,0.4186,0.4153,0.0,0.1661
2026-07,11260,0.1711,0.7594,0.0,0.0695
2026-08,11260,0.2348,0.6559,0.0,0.1093
2023-01,11290,0.2,0.7223,0.0,0.0777
2023-02,11290,0.2159,0.6247,0.0,0.1594
2023-03,11290,0.2122,0.418,0.0,0.3698
2023-04,11290,0.386,0.4094,0.0,0.2047
2023-05,11290,0.4008,0.4198,0.0,0.1794
2023-06,11290,0.4679,0.3899,0.0,0.1422
2023-07,11290,0.2078,0.6066,0.0,0.1856
2023-08,11290,0.487,0.3565,0.0,0.1565
2023-09,11290,0.4615,0.3317,0.0,0.2067
2023-10,11290,0.3447,0.5038,0.0,0.1515
2023-11,11290,0.4264,0.3754,0.0,0.1982
2023-12,11290,0.593,0.2764,0.0,0.1307
2024-01,11290,0.4438,0.3254,0.0,0.2308
2024-02,11290,0.4125,0.35,0.0,0.2375
2024-03,11290,0.345,0.485,0.0,0.17
2024-04,11290,0.4291,0.3547,0.0,0.2162
2024-05,11290,0.4416,0.3929,0.0,0.1656
2024-06,11290,0.4082,0.3973,0.0,0.1945
2024-07,11290,0.4032,0.3944,0.0,0.2025
2024-08,11290,0.3012,0.5643,0.0,0.1345
2024-09,11290,0.2169,0.6746,0.0,0.1085
2024-10,11290,0.3101,0.4704,0.0,0.2195
2024-11,11290,0.3362,0.434,0.0,0.2298
2024-12,11290,0.328,0.4995,0.0,0.1726
2025-01,11290,0.1622,0.7052,0.0,0.1327
2025-02,11290,0.213,0.6218,0.0,0.1651
2025-03,11290,0.3181,0.4428,0.0,0.2391
2025-04,11290,0.3215,0.4863,0.0,0.1922
2025-05,11290,0.3475,0.4258,0.0,0.2267
2025-06,11290,0.3662,0.4348,0.0,0.199
2025-07,11290,0.2046,0.6707,0.0,0.1247
2025-08,11290,0.2242,0.4455,0.0,0.3303
2025-09,11290,0.3775,0.4156,0.0,0.207
2025-10,11290,0.2903,0.4712,0.0,0.2384
2025-11,11290,0.3128,0.455,0.0,0.2322
2025-12,11290,0.3696,0.4785,0.0,0.1519
2026-01,11290,0.4095,0.4362,0.0,0.1543
2026-02,11290,0.3422,0.5166,0.0,0.1413
2026-03,11290,0.3138,0.5199,0.0,0.1663
2026-04,11290,0.3521,0.5141,0.0,0.1338
2026-05,11290,0.3554,0.4878,0.0,0.1568
2026-06,11290,0.3341,0.5207,0.0,0.1452
2026-07,11290,0.3794,0.4824,0.0,0.1382
2026-08,11290,0.2662,0.6075,0.0,0.1263
2023-01,11305,0.3913,0.5217,0.0,0.087
2023-02,11305,0.0974,0.8615,0.0,0.041
2023-03,11305,0.3377,0.2208,0.0,0.4416
2023-04,11305,0.5085,0.339,0.0,0.1525
2023-05,11305,0.404,0.3838,0.0,0.2121
2023-06,11305,0.1863,0.3137,0.0,0.5
2023-07,11305,0.3529,0.4286,0.0,0.2185
2023-08,11305,0.1333,0.2381,0.0,0.6286
2023-09,11305,0.4783,0.3739,0.0,0.1478
2023-10,11305,0.2261,0.4,0.0,0.3739
2023-11,11305,0.2199,0.5674,0.0,0.2128
2023-12,11305,0.4348,0.413,0.0,0.1522
2024-01,11305,0.2336,0.6355,0.0,0.1308
2024-02,11305,0.4681,0.4255,0.0,0.1064
2024-03,11305,0.4842,0.3579,0.0,0.1579
2024-04,11305,0.3867,0.44,0.0,0.1733
2024-05,11305,0.3786,0.4854,0.0,0.1359
2024-06,11305,0.3514,0.4234,0.0,0.2252
2024-07,11305,0.4246,0.4134,0.0,0.162
2024-08,11305,0.3662,0.4507,0.0,0.1831
2024-09,11305,0.3704,0.4537,0.0,0.1759
2024-10,11305,0.3587,0.4891,0.0,0.1522
2024-11,11305,0.5147,0.3529,0.0,0.1324
2024-12,11305,0.2581,0.3387,0.0,0.4032
2025-01,11305,0.4828,0.4655,0.0,0.0517
2025-02,11305,0.3626,0.4505,0.0,0.1868
2025-03,11305,0.4423,0.4327,0.0,0.125
2025-04,11305,0.4132,0.438,0.0,0.1488
2025-05,11305,0.2913,0.5669,0.0,0.1417
2025-06,11305,0.3571,0.4702,0.0,0.1726
2025-07,11305,0.3354,0.5342,0.0,0.1304
2025-08,11305,0.4045,0.4045,0.0,0.191
2025-09,11305,0.267,0.6283,0.0,0.1047
2025-10,11305,0.2432,0.5878,0.0,0.1689
2025-11,11305,0.4478,0.4627,0.0,0.0896
2025-12,11305,0.3516,0.4531,0.0,0.1953
2026-01,11305,0.3,0.5167,0.0,0.1833
2026-02,11305,0.2642,0.5094,0.0,0.2264
2026-03,11305,0.2857,0.5663,0.0,0.148
2026-04,11305,0.3072,0.5783,0.0,0.1145
2026-05,11305,0.3241,0.498,0.0,0.1779
2026-06,11305,0.2452,0.6258,0.0,0.129
2026-07,11305,0.2711,0.5663,0.0,0.1627
2026-08,11305,0.1548,0.7903,0.0,0.0548
2023-01,11320,0.4043,0.3191,0.0,0.2766
2023-02,11320,0.4425,0.3894,0.0,0.1681
2023-03,11320,0.4786,0.3248,0.0,0.1966
2023-04,11320,0.4742,0.3196,0.0,0.2062
2023-05,11320,0.4694,0.3129,0.0,0.2177
2023-06,11320,0.5041,0.3388,0.0,0.157
2023-07,11320,0.4882,0.2835,0.0,0.2283
2023-08,11320,0.5037,0.2815,0.0,0.2148
2023-09,11320,0.4722,0.3472,0.0,0.1806
2023-10,11320,0.3312,0.535,0.0,0.1338
2023-11,11320,0.5542,0.3012,0.0,0.1446
2023-12,11320,0.4216,0.4118,0.0,0.1667
2024-01,11320,0.4293,0.3043,0.0,0.2663
2024-02,11320,0.537,0.3056,0.0,0.1574
2024-03,11320,0.5364,0.2583,0.0,0.2053
2024-04,11320,0.5338,0.2838,0.0,0.1824
2024-05,11320,0.5732,0.3057,0.0,0.121
2024-06,11320,0.4821,0.381,0.0,0.1369
2024-07,11320,0.5068,0.3151,0.0,0.1781
2024-08,11320,0.4634,0.3449,0.0,0.1916
2024-09,11320,0.5706,0.2994,0.0,0.1299
2024-10,11320,0.5942,0.2681,0.0,0.1377
2024-11,11320,0.4615,0.3761,0.0,0.1624
2024-12,11320,0.4907,0.2593,0.0,0.25
2025-01,11320,0.5949,0.2658,0.0,0.1392
2025-02,11320,0.4961,0.3307,0.0,0.1732
2025-03,11320,0.5848,0.2515,0.0,0.1637
2025-04,11320,0.6075,0.2742,0.0,0.1183
2025-05,11320,0.6667,0.2327,0.0,0.1006
2025-06,11320,0.5207,0.2851,0.0,0.1942
2025-07,11320,0.5538,0.2769,0.0,0.1692
2025-08,11320,0.5484,0.3161,0.0,0.1355
2025-09,11320,0.5228,0.3147,0.0,0.1624
2025-10,11320,0.4261,0.313,0.0,0.2609
2025-11,11320,0.5196,0.2941,0.0,0.1863
2025-12,11320,0.5031,0.3252,0.0,0.1718
2026-01,11320,0.4783,0.375,0.0,0.1467
2026-02,11320,0.4494,0.3258,0.0,0.2247
2026-03,11320,0.4722,0.3889,0.0,0.1389
2026-04,11320,0.4901,0.3695,0.0,0.1404
2026-05,11320,0.4271,0.4271,0.0,0.1458
2026-06,11320,0.4356,0.4278,0.0,0.1366
2026-07,11320,0.4426,0.3967,0.0,0.1607
2026-08,11320,0.4242,0.4459,0.0,0.1299
2023-01,11350,0.4352,0.2963,0.0,0.2685
2023-02,11350,0.4307,0.3317,0.0,0.2376
2023-03,11350,0.4723,0.3362,0.0,0.1915
2023-04,11350,0.5,0.2704,0.0,0.2296
2023-05,11350,0.382,0.354,0.0,0.264
2023-06,11350,0.4656,0.325,0.0,0.2094
2023-07,11350,0.5,0.2908,0.0,0.2092
2023-08,11350,0.52,0.2943,0.0,0.1857
2023-09,11350,0.4951,0.2913,0.0,0.2136
2023-10,11350,0.51,0.2948,0.0,0.1952
2023-11,11350,0.5404,0.2681,0.0,0.1915
2023-12,11350,0.4407,0.3051,0.0,0.2542
2024-01,11350,0.4677,0.3035,0.0,0.2289
2024-02,11350,0.4575,0.3208,0.0,0.2217
2024-03,11350,0.5235,0.2584,0.0,0.2181
2024-04,11350,0.4987,0.319,0.0,0.1823
2024-05,11350,0.5132,0.2937,0.0,0.1931
2024-06,11350,0.4589,0.4015,0.0,0.1396
2024-07,11350,0.5771,0.2385,0.0,0.1845
2024-08,11350,0.5085,0.265,0.0,0.2265
2024-09,11350,0.5505,0.2374,0.0,0.2121
2024-10,11350,0.5404,0.2547,0.0,0.205
2024-11,11350,0.448,0.4213,0.0,0.1307
2024-12,11350,0.4322,0.337,0.0,0.2308
2025-01,11350,0.1832,0.6992,0.0,0.1176
2025-02,11350,0.1894,0.5418,0.0,0.2688
2025-03,11350,0.2105,0.6548,0.0,0.1347
2025-04,11350,0.4116,0.3695,0.0,0.2189
2025-05,11350,0.4881,0.3364,0.0,0.1755
2025-06,11350,0.4406,0.3217,0.0,0.2378
2025-07,11350,0.4599,0.3395,0.0,0.2006
2025-08,11350,0.4598,0.3158,0.0,0.2244
2025-09,11350,0.4068,0.405,0.0,0.1882
2025-10,11350,0.4232,0.375,0.0,0.2018
2025-11,11350,0.4864,0.2879,0.0,0.2257
2025-12,11350,0.3931,0.4618,0.0,0.145
2026-01,11350,0.464,0.3568,0.0,0.1792
2026-02,11350,0.3441,0.4832,0.0,0.1728
2026-03,11350,0.407,0.42,0.0,0.173
2026-04,11350,0.4103,0.4278,0.0,0.1619
2026-05,11350,0.3832,0.4439,0.0,0.1729
2026-06,11350,0.3874,0.4415,0.0,0.1711
2026-07,11350,0.3923,0.4323,0.0,0.1754
2026-08,11350,0.3893,0.4336,0.0,0.1771
2023-01,11380,0.1576,0.7772,0.0,0.0652
2023-02,11380,0.2568,0.6011,0.0,0.1421
2023-03,11380,0.1658,0.7513,0.0,0.0829
2023-04,11380,0.3595,0.5016,0.0,0.1389
2023-05,11380,0.4507,0.2911,0.0,0.2582
2023-06,11380,0.3253,0.5569,0.0,0.1178
2023-07,11380,0.2326,0.6047,0.0,0.1628
2023-08,11380,0.4369,0.2961,0.0,0.267
2023-09,11380,0.3799,0.3799,0.0,0.2402
2023-10,11380,0.3192,0.5493,0.0,0.1315
2023-11,11380,0.2396,0.6452,0.0,0.1152
2023-12,11380,0.5422,0.253,0.0,0.2048
2024-01,11380,0.4222,0.3111,0.0,0.2667
2024-02,11380,0.5,0.2797,0.0,0.2203
2024-03,11380,0.4828,0.2701,0.0,0.2471
2024-04,11380,0.4719,0.3408,0.0,0.1873
2024-05,11380,0.4585,0.3281,0.0,0.2134
2024-06,11380,0.5313,0.2943,0.0,0.1744
2024-07,11380,0.4158,0.356,0.0,0.2283
2024-08,11380,0.3816,0.4132,0.0,0.2053
2024-09,11380,0.4219,0.26,0.0,0.3181
2024-10,11380,0.439,0.3211,0.0,0.2398
2024-11,11380,0.5156,0.3177,0.0,0.1667
2024-12,11380,0.3801,0.3985,0.0,0.2214
2025-01,11380,0.2864,0.5779,0.0,0.1357
2025-02,11380,0.3951,0.3512,0.0,0.2537
2025-03,11380,0.4767,0.3262,0.0,0.1971
2025-04,11380,0.4753,0.3004,0.0,0.2243
2025-05,11380,0.428,0.3307,0.0,0.2412
2025-06,11380,0.382,0.2725,0.0,0.3455
2025-07,11380,0.2854,0.5338,0.0,0.1808
2025-08,11380,0.5027,0.2888,0.0,0.2086
2025-09,11380,0.236,0.6356,0.0,0.1284
2025-10,11380,0.3693,0.3493,0.0,0.2814
2025-11,11380,0.2295,0.6957,0.0,0.0749
2025-12,11380,0.3782,0.395,0.0,0.2269
2026-01,11380,0.4091,0.4351,0.0,0.1558
2026-02,11380,0.1744,0.7237,0.0,0.1018
2026-03,11380,0.4022,0.3668,0.0,0.231
2026-04,11380,0.4123,0.3957,0.0,0.1919
2026-05,11380,0.3855,0.4393,0.0,0.1752
2026-06,11380,0.1509,0.7646,0.0,0.0846
2026-07,11380,0.3984,0.4225,0.0,0.1791
2026-08,11380,0.3718,0.4368,0.0,0.1913
2023-01,11410,0.4909,0.3636,0.0,0.1455
2023-02,11410,0.2067,0.6704,0.0,0.1229
2023-03,11410,0.3361,0.4202,0.0,0.2437
2023-04,11410,0.3889,0.4603,0.0,0.1508
2023-05,11410,0.3869,0.3869,0.0,0.2263
2023-06,11410,0.4074,0.3642,0.0,0.2284
2023-07,11410,0.1657,0.7371,0.0,0.0971
2023-08,11410,0.2891,0.4509,0.0,0.2599
2023-09,11410,0.3939,0.4343,0.0,0.1717
2023-10,11410,0.4159,0.3628,0.0,0.2212
2023-11,11410,0.4886,0.2614,0.0,0.25
2023-12,11410,0.3676,0.3235,0.0,0.3088
2024-01,11410,0.2862,0.4891,0.0,0.2246
2024-02,11410,0.3953,0.3411,0.0,0.2636
2024-03,11410,0.4524,0.3333,0.0,0.2143
2024-04,11410,0.2944,0.5228,0.0,0.1827
2024-05,11410,0.3684,0.378,0.0,0.2536
2024-06,11410,0.1883,0.6757,0.0,0.136
2024-07,11410,0.2792,0.5085,0.0,0.2123
2024-08,11410,0.3278,0.3943,0.0,0.2779
2024-09,11410,0.3574,0.3936,0.0,0.249
2024-10,11410,0.2784,0.4314,0.0,0.2902
2024-11,11410,0.3193,0.4277,0.0,0.253
2024-12,11410,0.1481,0.6633,0.0,0.1886
2025-01,11410,0.2984,0.3065,0.0,0.3952
2025-02,11410,0.339,0.4011,0.0,0.2599
2025-03,11410,0.3443,0.3593,0.0,0.2964
2025-04,11410,0.3149,0.4083,0.0,0.2768
2025-05,11410,0.2477,0.5023,0.0,0.25
2025-06,11410,0.3622,0.3557,0.0,0.2822
2025-07,11410,0.2779,0.4381,0.0,0.284
2025-08,11410,0.3007,0.4266,0.0,0.2727
2025-09,11410,0.3004,0.4452,0.0,0.2544
2025-10,11410,0.3274,0.4164,0.0,0.2562
2025-11,11410,0.2632,0.4579,0.0,0.2789
2025-12,11410,0.3232,0.5399,0.0,0.1369
2026-01,11410,0.332,0.472,0.0,0.196
2026-02,11410,0.3487,0.4866,0.0,0.1648
2026-03,11410,0.2303,0.6634,0.0,0.1063
2026-04,11410,0.2541,0.6252,0.0,0.1207
2026-05,11410,0.3647,0.4706,0.0,0.1647
2026-06,11410,0.3598,0.3985,0.0,0.2418
2026-07,11410,0.2399,0.5593,0.0,0.2008
2026-08,11410,0.3421,0.4684,0.0,0.1895
2023-01,11440,0.1582,0.3797,0.0,0.462
2023-02,11440,0.2523,0.5047,0.0,0.243
2023-03,11440,0.298,0.3775,0.0,0.3245
2023-04,11440,0.3684,0.3759,0.0,0.2556
2023-05,11440,0.3054,0.4384,0.0,0.2562
2023-06,11440,0.3697,0.3555,0.0,0.2749
2023-07,11440,0.3527,0.3382,0.0,0.3092
2023-08,11440,0.2778,0.4222,0.0,0.3
2023-09,11440,0.3148,0.4074,0.0,0.2778
2023-10,11440,0.4752,0.305,0.0,0.2199
2023-11,11440,0.4076,0.3207,0.0,0.2717
2023-12,11440,0.1726,0.6681,0.0,0.1593
2024-01,11440,0.2185,0.563,0.0,0.2185
2024-02,11440,0.3086,0.463,0.0,0.2284
2024-03,11440,0.2997,0.47,0.0,0.2303
2024-04,11440,0.2987,0.4463,0.0,0.255
2024-05,11440,0.3107,0.4048,0.0,0.2845
2024-06,11440,0.394,0.3881,0.0,0.2179
2024-07,11440,0.2752,0.5595,0.0,0.1653
2024-08,11440,0.3091,0.4948,0.0,0.1961
2024-09,11440,0.3723,0.381,0.0,0.2468
2024-10,11440,0.3617,0.3777,0.0,0.2606
2024-11,11440,0.281,0.4215,0.0,0.2975
2024-12,11440,0.2857,0.4835,0.0,0.2308
2025-01,11440,0.1875,0.6825,0.0,0.13
2025-02,11440,0.2907,0.4147,0.0,0.2946
2025-03,11440,0.3227,0.4134,0.0,0.2639
2025-04,11440,0.3545,0.3939,0.0,0.2516
2025-05,11440,0.331,0.4061,0.0,0.2629
2025-06,11440,0.2891,0.4454,0.0,0.2655
2025-07,11440,0.3585,0.3774,0.0,0.2642
2025-08,11440,0.3115,0.4153,0.0,0.2732
2025-09,11440,0.3077,0.4456,0.0,0.2467
2025-10,11440,0.2823,0.471,0.0,0.2467
2025-11,11440,0.4012,0.3413,0.0,0.2575
2025-12,11440,0.2651,0.6416,0.0,0.0933
2026-01,11440,0.4412,0.4216,0.0,0.1373
2026-02,11440,0.4327,0.3977,0.0,0.1696
2026-03,11440,0.4293,0.3822,0.0,0.1885
2026-04,11440,0.321,0.6051,0.0,0.0739
2026-05,11440,0.2339,0.6587,0.0,0.1074
2026-06,11440,0.2173,0.7124,0.0,0.0703
2026-07,11440,0.289,0.5779,0.0,0.1331
2026-08,11440,0.3374,0.5597,0.0,0.1029
2023-01,11470,0.5122,0.3902,0.0,0.0976
2023-02,11470,0.595,0.1901,0.0,0.2149
2023-03,11470,0.4218,0.3061,0.0,0.2721
2023-04,11470,0.3537,0.3232,0.0,0.3232
2023-05,11470,0.4524,0.3512,0.0,0.1964
2023-06,11470,0.534,0.288,0.0,0.178
2023-07,11470,0.5568,0.3182,0.0,0.125
2023-08,11470,0.4955,0.3,0.0,0.2045
2023-09,11470,0.4853,0.3333,0.0,0.1814
2023-10,11470,0.5235,0.302,0.0,0.1745
2023-11,11470,0.5548,0.3014,0.0,0.1438
2023-12,11470,0.5862,0.2512,0.0,0.1626
2024-01,11470,0.3588,0.5235,0.0,0.1176
2024-02,11470,0.4242,0.3212,0.0,0.2545
2024-03,11470,0.5263,0.2865,0.0,0.1871
2024-04,11470,0.461,0.3247,0.0,0.2143
2024-05,11470,0.6443,0.2372,0.0,0.1186
2024-06,11470,0.5309,0.3374,0.0,0.1317
2024-07,11470,0.4988,0.2993,0.0,0.2019
2024-08,11470,0.4753,0.3576,0.0,0.1671
2024-09,11470,0.4895,0.3252,0.0,0.1853
2024-10,11470,0.5464,0.2732,0.0,0.1804
2024-11,11470,0.4788,0.3333,0.0,0.1879
2024-12,11470,0.4859,0.3277,0.0,0.1864
2025-01,11470,0.453,0.3504,0.0,0.1966
2025-02,11470,0.4149,0.383,0.0,0.2021
2025-03,11470,0.4541,0.3602,0.0,0.1857
2025-04,11470,0.4924,0.3409,0.0,0.1667
2025-05,11470,0.527,0.3,0.0,0.173
2025-06,11470,0.4815,0.3367,0.0,0.1818
2025-07,11470,0.4986,0.3315,0.0,0.1699
2025-08,11470,0.5138,0.3303,0.0,0.156
2025-09,11470,0.4652,0.3398,0.0,0.195
2025-10,11470,0.4705,0.3197,0.0,0.2098
2025-11,11470,0.5098,0.3088,0.0,0.1814
2025-12,11470,0.4064,0.4488,0.0,0.1449
2026-01,11470,0.4823,0.3369,0.0,0.1809
2026-02,11470,0.5018,0.3799,0.0,0.1183
2026-03,11470,0.5078,0.3217,0.0,0.1705
2026-04,11470,0.4724,0.3589,0.0,0.1687
2026-05,11470,0.5079,0.346,0.0,0.146
2026-06,11470,0.5108,0.3406,0.0,0.1486
2026-07,11470,0.4622,0.4263,0.0,0.1116
2026-08,11470,0.554,0.3052,0.0,0.1408
2023-01,11500,0.4429,0.2857,0.0,0.2714
2023-02,11500,0.4037,0.3303,0.0,0.2661
2023-03,11500,0.5148,0.213,0.0,0.2722
2023-04,11500,0.4655,0.1954,0.0,0.3391
2023-05,11500,0.4851,0.2673,0.0,0.2475
2023-06,11500,0.5578,0.251,0.0,0.1912
2023-07,11500,0.4843,0.278,0.0,0.2377
2023-08,11500,0.5039,0.25,0.0,0.2461
2023-09,11500,0.5312,0.2847,0.0,0.184
2023-10,11500,0.5612,0.2278,0.0,0.211
2023-11,11500,0.5123,0.2167,0.0,0.2709
2023-12,11500,0.4433,0.3298,0.0,0.2269
2024-01,11500,0.4222,0.4167,0.0,0.1611
2024-02,11500,0.5359,0.2928,0.0,0.1713
2024-03,11500,0.5537,0.2203,0.0,0.226
2024-04,11500,0.5455,0.2391,0.0,0.2155
2024-05,11500,0.5578,0.2177,0.0,0.2245
2024-06,11500,0.5068,0.271,0.0,0.2222
2024-07,11500,0.5588,0.2639,0.0,0.1774
2024-08,11500,0.4964,0.2878,0.0,0.2158
2024-09,11500,0.5254,0.3043,0.0,0.1703
2024-10,11500,0.5023,0.2512,0.0,0.2465
2024-11,11500,0.5122,0.2829,0.0,0.2049
2024-12,11500,0.5517,0.2241,0.0,0.2241
2025-01,11500,0.4833,0.2667,0.0,0.25
2025-02,11500,0.3509,0.4211,0.0,0.2281
2025-03,11500,0.4678,0.3126,0.0,0.2195
2025-04,11500,0.5,0.29,0.0,0.21
2025-05,11500,0.38,0.4356,0.0,0.1844
2025-06,11500,0.5067,0.2896,0.0,0.2037
2025-07,11500,0.4433,0.3319,0.0,0.2248
2025-08,11500,0.5597,0.251,0.0,0.1893
2025-09,11500,0.4477,0.2829,0.0,0.2695
2025-10,11500,0.4425,0.3053,0.0,0.2522
2025-11,11500,0.3661,0.3527,0.0,0.2812
2025-12,11500,0.5039,0.2248,0.0,0.2713
2026-01,11500,0.4501,0.2944,0.0,0.2555
2026-02,11500,0.4636,0.2939,0.0,0.2424
2026-03,11500,0.454,0.3346,0.0,0.2114
2026-04,11500,0.4397,0.3448,0.0,0.2155
2026-05,11500,0.4402,0.3866,0.0,0.1732
2026-06,11500,0.3164,0.5591,0.0,0.1245
2026-07,11500,0.4289,0.4337,0.0,0.1373
2026-08,11500,0.4248,0.3747,0.0,0.2005
2023-01,11530,0.2653,0.3673,0.0,0.3673
2023-02,11530,0.264,0.248,0.0,0.488
2023-03,11530,0.3462,0.2747,0.0,0.3791
2023-04,11530,0.4367,0.2911,0.0,0.2722
2023-05,11530,0.4,0.3351,0.0,0.2649
2023-06,11530,0.3833,0.3944,0.0,0.2222
2023-07,11530,0.4226,0.3095,0.0,0.2679
2023-08,11530,0.4051,0.3897,0.0,0.2051
2023-09,11530,0.488,0.3193,0.0,0.1928
2023-10,11530,0.3136,0.5505,0.0,0.1359
2023-11,11530,0.3594,0.332,0.0,0.3086
2023-12,11530,0.4127,0.4286,0.0,0.1587
2024-01,11530,0.4577,0.3662,0.0,0.1761
2024-02,11530,0.4318,0.2955,0.0,0.2727
2024-03,11530,0.4949,0.2857,0.0,0.2194
2024-04,11530,0.4385,0.291,0.0,0.2705
2024-05,11530,0.492,0.308,0.0,0.2
2024-06,11530,0.4246,0.3611,0.0,0.2143
2024-07,11530,0.4215,0.3262,0.0,0.2523
2024-08,11530,0.2569,0.586,0.0,0.1571
2024-09,11530,0.4118,0.3743,0.0,0.2139
2024-10,11530,0.4202,0.3067,0.0,0.2731
2024-11,11530,0.4393,0.2948,0.0,0.2659
2024-12,11530,0.1782,0.7063,0.0,0.1155
2025-01,11530,0.3732,0.4366,0.0,0.1901
2025-02,11530,0.4833,0.3278,0.0,0.1889
2025-03,11530,0.3568,0.4956,0.0,0.1476
2025-04,11530,0.4235,0.3616,0.0,0.215
2025-05,11530,0.2835,0.5748,0.0,0.1417
2025-06,11530,0.3213,0.5457,0.0,0.133
2025-07,11530,0.2842,0.5758,0.0,0.14
2025-08,11530,0.3653,0.4311,0.0,0.2036
2025-09,11530,0.3774,0.3677,0.0,0.2548
2025-10,11530,0.3315,0.4414,0.0,0.227
2025-11,11530,0.4451,0.3963,0.0,0.1585
2025-12,11530,0.3651,0.4381,0.0,0.1968
2026-01,11530,0.3534,0.4452,0.0,0.2014
2026-02,11530,0.3665,0.4503,0.0,0.1832
2026-03,11530,0.3976,0.45,0.0,0.1524
2026-04,11530,0.3583,0.4409,0.0,0.2008
2026-05,11530,0.333,0.4905,0.0,0.1765
2026-06,11530,0.3862,0.4092,0.0,0.2046
2026-07,11530,0.3421,0.4426,0.0,0.2153
2026-08,11530,0.365,0.4234,0.0,0.2117
2023-01,11545,0.3636,0.5758,0.0,0.0606
2023-02,11545,0.6,0.2333,0.0,0.1667
2023-03,11545,0.5738,0.1803,0.0,0.2459
2023-04,11545,0.4048,0.3571,0.0,0.2381
2023-05,11545,0.6,0.2833,0.0,0.1167
2023-06,11545,0.5231,0.2923,0.0,0.1846
2023-07,11545,0.5231,0.2923,0.0,0.1846
2023-08,11545,0.5571,0.2,0.0,0.2429
2023-09,11545,0.5938,0.2344,0.0,0.1719
2023-10,11545,0.6491,0.2105,0.0,0.1404
2023-11,11545,0.4,0.4533,0.0,0.1467
2023-12,11545,0.5128,0.3077,0.0,0.1795
2024-01,11545,0.5098,0.3137,0.0,0.1765
2024-02,11545,0.3919,0.4324,0.0,0.1757
2024-03,11545,0.5385,0.2615,0.0,0.2
2024-04,11545,0.5758,0.2727,0.0,0.1515
2024-05,11545,0.5584,0.2338,0.0,0.2078
2024-06,11545,0.5,0.2344,0.0,0.2656
2024-07,11545,0.4808,0.2094,0.0,0.3097
2024-08,11545,0.4881,0.2262,0.0,0.2857
2024-09,11545,0.4217,0.253,0.0,0.3253
2024-10,11545,0.6111,0.2778,0.0,0.1111
2024-11,11545,0.5918,0.3061,0.0,0.102
2024-12,11545,0.4407,0.3051,0.0,0.2542
2025-01,11545,0.44,0.3733,0.0,0.1867
2025-02,11545,0.5405,0.2027,0.0,0.2568
2025-03,11545,0.5647,0.2706,0.0,0.1647
2025-04,11545,0.5405,0.1757,0.0,0.2838
2025-05,11545,0.5357,0.2143,0.0,0.25
2025-06,11545,0.6589,0.2171,0.0,0.124
2025-07,11545,0.505,0.2871,0.0,0.2079
2025-08,11545,0.4462,0.2769,0.0,0.2769
2025-09,11545,0.4512,0.3537,0.0,0.1951
2025-10,11545,0.3724,0.2552,0.0,0.3724
2025-11,11545,0.4237,0.3051,0.0,0.2712
2025-12,11545,0.5263,0.3026,0.0,0.1711
2026-01,11545,0.3158,0.3789,0.0,0.3053
2026-02,11545,0.3784,0.3874,0.0,0.2342
2026-03,11545,0.434,0.3679,0.0,0.1981
2026-04,11545,0.4096,0.3795,0.0,0.2108
2026-05,11545,0.4774,0.329,0.0,0.1935
2026-06,11545,0.4167,0.3819,0.0,0.2014
2026-07,11545,0.4167,0.3333,0.0,0.25
2026-08,11545,0.3947,0.386,0.0,0.2193
2023-01,11560,0.0904,0.8136,0.0,0.096
2023-02,11560,0.4891,0.2993,0.0,0.2117
2023-03,11560,0.5702,0.2085,0.0,0.2213
2023-04,11560,0.2507,0.6138,0.0,0.1354
2023-05,11560,0.3291,0.4925,0.0,0.1784
2023-06,11560,0.391,0.4085,0.0,0.2005
2023-07,11560,0.6182,0.2182,0.0,0.1636
2023-08,11560,0.3,0.59,0.0,0.11
2023-09,11560,0.3632,0.3868,0.0,0.25
2023-10,11560,0.366,0.3763,0.0,0.2577
2023-11,11560,0.3813,0.295,0.0,0.3237
2023-12,11560,0.4602,0.3097,0.0,0.2301
2024-01,11560,0.2642,0.5925,0.0,0.1434
2024-02,11560,0.411,0.4452,0.0,0.1438
2024-03,11560,0.3817,0.371,0.0,0.2473
2024-04,11560,0.4191,0.3102,0.0,0.2706
2024-05,11560,0.4158,0.3696,0.0,0.2147
2024-06,11560,0.3828,0.3501,0.0,0.2671
2024-07,11560,0.367,0.3761,0.0,0.2569
2024-08,11560,0.3563,0.378,0.0,0.2657
2024-09,11560,0.29,0.4225,0.0,0.2875
2024-10,11560,0.2807,0.5439,0.0,0.1754
2024-11,11560,0.3847,0.3555,0.0,0.2597
2024-12,11560,0.3826,0.3783,0.0,0.2391
2025-01,11560,0.2256,0.596,0.0,0.1785
2025-02,11560,0.344,0.3652,0.0,0.2908
2025-03,11560,0.3306,0.4369,0.0,0.2326
2025-04,11560,0.3376,0.4346,0.0,0.2278
2025-05,11560,0.3547,0.3747,0.0,0.2705
2025-06,11560,0.3288,0.4201,0.0,0.2511
2025-07,11560,0.3254,0.3621,0.0,0.3125
2025-08,11560,0.2822,0.5173,0.0,0.2005
2025-09,11560,0.3305,0.4471,0.0,0.2225
2025-10,11560,0.3381,0.3783,0.0,0.2837
2025-11,11560,0.2857,0.4805,0.0,0.2338
2025-12,11560,0.3268,0.5042,0.0,0.169
2026-01,11560,0.2607,0.6065,0.0,0.1328
2026-02,11560,0.2017,0.5118,0.0,0.2865
2026-03,11560,0.3281,0.4777,0.0,0.1942
2026-04,11560,0.2792,0.5394,0.0,0.1814
2026-05,11560,0.2364,0.6612,0.0,0.1024
2026-06,11560,0.2609,0.6202,0.0,0.1189
2026-07,11560,0.3032,0.548,0.0,0.1488
2026-08,11560,0.4043,0.3913,0.0,0.2043
2023-01,11590,0.3048,0.4905,0.0,0.2048
2023-02,11590,0.2651,0.494,0.0,0.241
2023-03,11590,0.3028,0.3803,0.0,0.3169
2023-04,11590,0.3378,0.4257,0.0,0.2365
2023-05,11590,0.2857,0.4805,0.0,0.2338
2023-06,11590,0.3882,0.3816,0.0,0.2303
2023-07,11590,0.3234,0.4311,0.0,0.2455
2023-08,11590,0.3684,0.3509,0.0,0.2807
2023-09,11590,0.4352,0.3679,0.0,0.1969
2023-10,11590,0.1857,0.68,0.0,0.1343
2023-11,11590,0.1377,0.7512,0.0,0.1111
2023-12,11590,0.302,0.4027,0.0,0.2953
2024-01,11590,0.1529,0.7034,0.0,0.1437
2024-02,11590,0.2595,0.5676,0.0,0.173
2024-03,11590,0.372,0.3841,0.0,0.2439
2024-04,11590,0.2962,0.4777,0.0,0.2261
2024-05,11590,0.2372,0.4936,0.0,0.2692
2024-06,11590,0.1104,0.7633,0.0,0.1263
2024-07,11590,0.2399,0.4567,0.0,0.3034
2024-08,11590,0.2916,0.4714,0.0,0.2371
2024-09,11590,0.2451,0.538,0.0,0.2169
2024-10,11590,0.3182,0.4192,0.0,0.2626
2024-11,11590,0.2714,0.4655,0.0,0.2631
2024-12,11590,0.187,0.6857,0.0,0.1273
2025-01,11590,0.2833,0.3778,0.0,0.3389
2025-02,11590,0.2446,0.4856,0.0,0.2698
2025-03,11590,0.2023,0.5657,0.0,0.232
2025-04,11590,0.2656,0.4849,0.0,0.2495
2025-05,11590,0.3002,0.4334,0.0,0.2664
2025-06,11590,0.2814,0.4401,0.0,0.2784
2025-07,11590,0.3141,0.4925,0.0,0.1935
2025-08,11590,0.2906,0.4532,0.0,0.2562
2025-09,11590,0.297,0.4005,0.0,0.3025
2025-10,11590,0.2829,0.4614,0.0,0.2557
2025-11,11590,0.287,0.5043,0.0,0.2087
2025-12,11590,0.137,0.7648,0.0,0.0982
2026-01,11590,0.0963,0.8459,0.0,0.0578
2026-02,11590,0.2864,0.5437,0.0,0.1699
2026-03,11590,0.3099,0.493,0.0,0.1972
2026-04,11590,0.3682,0.4549,0.0,0.1769
2026-05,11590,0.2914,0.5657,0.0,0.1429
2026-06,11590,0.2066,0.6587,0.0,0.1347
2026-07,11590,0.1515,0.774,0.0,0.0745
2026-08,11590,0.1258,0.7866,0.0,0.0876
2023-01,11620,0.5,0.3182,0.0,0.1818
2023-02,11620,0.4651,0.186,0.0,0.3488
2023-03,11620,0.4286,0.3896,0.0,0.1818
2023-04,11620,0.4891,0.2935,0.0,0.2174
2023-05,11620,0.4227,0.268,0.0,0.3093
2023-06,11620,0.2517,0.0839,0.0,0.6644
2023-07,11620,0.4175,0.3398,0.0,0.2427
2023-08,11620,0.3035,0.5697,0.0,0.1269
2023-09,11620,0.4062,0.2891,0.0,0.3047
2023-10,11620,0.4615,0.3609,0.0,0.1775
2023-11,11620,0.3487,0.4489,0.0,0.2023
2023-12,11620,0.1546,0.7632,0.0,0.0822
2024-01,11620,0.2484,0.6242,0.0,0.1274
2024-02,11620,0.4842,0.2947,0.0,0.2211
2024-03,11620,0.562,0.2397,0.0,0.1983
2024-04,11620,0.4861,0.375,0.0,0.1389
2024-05,11620,0.5135,0.3176,0.0,0.1689
2024-06,11620,0.4382,0.3258,0.0,0.236
2024-07,11620,0.4739,0.2612,0.0,0.2649
2024-08,11620,0.495,0.31,0.0,0.195
2024-09,11620,0.4308,0.3077,0.0,0.2615
2024-10,11620,0.4307,0.3577,0.0,0.2117
2024-11,11620,0.4,0.33,0.0,0.27
2024-12,11620,0.5096,0.25,0.0,0.2404
2025-01,11620,0.427,0.2921,0.0,0.2809
2025-02,11620,0.4586,0.3248,0.0,0.2166
2025-03,11620,0.3915,0.3404,0.0,0.2681
2025-04,11620,0.3648,0.3906,0.0,0.2446
2025-05,11620,0.4748,0.2689,0.0,0.2563
2025-06,11620,0.3969,0.3231,0.0,0.28
2025-07,11620,0.3843,0.3493,0.0,0.2664
2025-08,11620,0.3453,0.3669,0.0,0.2878
2025-09,11620,0.3132,0.4057,0.0,0.2811
2025-10,11620,0.3624,0.3439,0.0,0.2937
2025-11,11620,0.3778,0.4,0.0,0.2222
2025-12,11620,0.4149,0.3989,0.0,0.1862
2026-01,11620,0.3567,0.462,0.0,0.1813
2026-02,11620,0.3719,0.4463,0.0,0.1818
2026-03,11620,0.384,0.4177,0.0,0.1983
2026-04,11620,0.4528,0.4007,0.0,0.1466
2026-05,11620,0.3794,0.4874,0.0,0.1332
2026-06,11620,0.3626,0.4656,0.0,0.1718
2026-07,11620,0.3012,0.5731,0.0,0.1257
2026-08,11620,0.3267,0.52,0.0,0.1533
2023-01,11650,0.45,0.35,0.0,0.2
2023-02,11650,0.469,0.3805,0.0,0.1504
2023-03,11650,0.4103,0.3654,0.0,0.2244
2023-04,11650,0.3867,0.3533,0.0,0.26
2023-05,11650,0.3361,0.4315,0.0,0.2324
2023-06,11650,0.2828,0.4444,0.0,0.2727
2023-07,11650,0.247,0.5873,0.0,0.1657
2023-08,11650,0.3142,0.5034,0.0,0.1824
2023-09,11650,0.3843,0.4192,0.0,0.1965
2023-10,11650,0.3216,0.4874,0.0,0.191
2023-11,11650,0.332,0.3779,0.0,0.29
2023-12,11650,0.3086,0.3958,0.0,0.2956
2024-01,11650,0.3529,0.4045,0.0,0.2427
2024-02,11650,0.3071,0.3651,0.0,0.3278
2024-03,11650,0.3271,0.4684,0.0,0.2045
2024-04,11650,0.3686,0.4526,0.0,0.1788
2024-05,11650,0.3673,0.3816,0.0,0.251
2024-06,11650,0.2237,0.5966,0.0,0.1797
2024-07,11650,0.3396,0.4436,0.0,0.2168
2024-08,11650,0.3004,0.5072,0.0,0.1924
2024-09,11650,0.2584,0.5733,0.0,0.1684
2024-10,11650,0.2668,0.5863,0.0,0.1469
2024-11,11650,0.2886,0.521,0.0,0.1904
2024-12,11650,0.2991,0.4355,0.0,0.2654
2025-01,11650,0.3507,0.4121,0.0,0.2372
2025-02,11650,0.3701,0.3688,0.0,0.2611
2025-03,11650,0.3444,0.4713,0.0,0.1843
2025-04,11650,0.3815,0.4277,0.0,0.1908
2025-05,11650,0.2987,0.516,0.0,0.1853
2025-06,11650,0.3361,0.5616,0.0,0.1023
2025-07,11650,0.2188,0.6916,0.0,0.0896
2025-08,11650,0.3034,0.5516,0.0,0.145
2025-09,11650,0.366,0.4058,0.0,0.2281
2025-10,11650,0.3844,0.3479,0.0,0.2676
2025-11,11650,0.3552,0.3912,0.0,0.2535
2025-12,11650,0.2866,0.5169,0.0,0.1965
2026-01,11650,0.2962,0.5856,0.0,0.1182
2026-02,11650,0.2558,0.6364,0.0,0.1078
2026-03,11650,0.3266,0.4699,0.0,0.2034
2026-04,11650,0.3127,0.6079,0.0,0.0794
2026-05,11650,0.302,0.597,0.0,0.101
2026-06,11650,0.2771,0.6254,0.0,0.0975
2026-07,11650,0.2869,0.5928,0.0,0.1203
2026-08,11650,0.4491,0.4038,0.0,0.1472
2023-01,11680,0.2367,0.6154,0.0,0.1479
2023-02,11680,0.2601,0.3931,0.0,0.3468
2023-03,11680,0.332,0.4545,0.0,0.2134
2023-04,11680,0.4979,0.2697,0.0,0.2324
2023-05,11680,0.3908,0.3981,0.0,0.2112
2023-06,11680,0.3624,0.3992,0.0,0.2384
2023-07,11680,0.3525,0.395,0.0,0.2525
2023-08,11680,0.3951,0.3902,0.0,0.2146
2023-09,11680,0.3975,0.3416,0.0,0.2609
2023-10,11680,0.3468,0.4595,0.0,0.1936
2023-11,11680,0.5075,0.3184,0.0,0.1741
2023-12,11680,0.4188,0.3632,0.0,0.2179
2024-01,11680,0.4251,0.3725,0.0,0.2024
2024-02,11680,0.4545,0.3281,0.0,0.2174
2024-03,11680,0.3727,0.3409,0.0,0.2864
2024-04,11680,0.4879,0.2922,0.0,0.2198
2024-05,11680,0.4378,0.3262,0.0,0.2361
2024-06,11680,0.4462,0.3596,0.0,0.1942
2024-07,11680,0.3577,0.3755,0.0,0.2667
2024-08,11680,0.3532,0.3872,0.0,0.2597
2024-09,11680,0.2408,0.6253,0.0,0.1339
2024-10,11680,0.3404,0.4709,0.0,0.1887
2024-11,11680,0.3565,0.4956,0.0,0.1479
2024-12,11680,0.4127,0.346,0.0,0.2413
2025-01,11680,0.4637,0.3548,0.0,0.1815
2025-02,11680,0.3894,0.3518,0.0,0.2588
2025-03,11680,0.3717,0.4185,0.0,0.2097
2025-04,11680,0.4084,0.3718,0.0,0.2198
2025-05,11680,0.4786,0.3276,0.0,0.1937
2025-06,11680,0.4344,0.3394,0.0,0.2262
2025-07,11680,0.4553,0.3844,0.0,0.1603
2025-08,11680,0.4255,0.3617,0.0,0.2128
2025-09,11680,0.4447,0.2885,0.0,0.2668
2025-10,11680,0.4725,0.3544,0.0,0.1731
2025-11,11680,0.5,0.3086,0.0,0.1914
2025-12,11680,0.3755,0.5021,0.0,0.1224
2026-01,11680,0.4081,0.4383,0.0,0.1537
2026-02,11680,0.4074,0.4043,0.0,0.1883
2026-03,11680,0.4601,0.3384,0.0,0.2015
2026-04,11680,0.4606,0.3461,0.0,0.1933
2026-05,11680,0.4992,0.3095,0.0,0.1913
2026-06,11680,0.4867,0.3213,0.0,0.192
2026-07,11680,0.4952,0.3119,0.0,0.1929
2026-08,11680,0.4389,0.4167,0.0,0.1444
2023-01,11710,0.4206,0.3178,0.0,0.2617
2023-02,11710,0.1549,0.7151,0.0,0.13
2023-03,11710,0.3084,0.4092,0.0,0.2824
2023-04,11710,0.3469,0.3506,0.0,0.3026
2023-05,11710,0.4124,0.3015,0.0,0.2861
2023-06,11710,0.4075,0.3386,0.0,0.2539
2023-07,11710,0.4159,0.2722,0.0,0.3119
2023-08,11710,0.3735,0.3471,0.0,0.2794
2023-09,11710,0.3742,0.3212,0.0,0.3046
2023-10,11710,0.3991,0.3433,0.0,0.2575
2023-11,11710,0.4295,0.3397,0.0,0.2308
2023-12,11710,0.4421,0.314,0.0,0.2438
2024-01,11710,0.2684,0.6072,0.0,0.1244
2024-02,11710,0.259,0.5259,0.0,0.2151
2024-03,11710,0.422,0.344,0.0,0.234
2024-04,11710,0.4046,0.3333,0.0,0.2621
2024-05,11710,0.4049,0.365,0.0,0.2301
2024-06,11710,0.3849,0.3785,0.0,0.2366
2024-07,11710,0.3745,0.3582,0.0,0.2673
2024-08,11710,0.3814,0.3416,0.0,0.2769
2024-09,11710,0.3747,0.3471,0.0,0.2782
2024-10,11710,0.4196,0.3482,0.0,0.2321
2024-11,11710,0.3059,0.462,0.0,0.2321
2024-12,11710,0.2969,0.5625,0.0,0.1406
2025-01,11710,0.278,0.5939,0.0,0.1282
2025-02,11710,0.3927,0.3659,0.0,0.2415
2025-03,11710,0.3615,0.4348,0.0,0.2037
2025-04,11710,0.4127,0.3183,0.0,0.269
2025-05,11710,0.3912,0.427,0.0,0.1818
2025-06,11710,0.4237,0.3462,0.0,0.23
2025-07,11710,0.4494,0.323,0.0,0.2275
2025-08,11710,0.403,0.3075,0.0,0.2895
2025-09,11710,0.3478,0.4371,0.0,0.2151
2025-10,11710,0.4059,0.383,0.0,0.2111
2025-11,11710,0.3899,0.3707,0.0,0.2394
2025-12,11710,0.305,0.555,0.0,0.1401
2026-01,11710,0.3771,0.3019,0.0,0.3211
2026-02,11710,0.429,0.3298,0.0,0.2413
2026-03,11710,0.452,0.3232,0.0,0.2247
2026-04,11710,0.418,0.348,0.0,0.234
2026-05,11710,0.4567,0.3235,0.0,0.2198
2026-06,11710,0.4604,0.3296,0.0,0.21
2026-07,11710,0.3975,0.3797,0.0,0.2228
2026-08,11710,0.453,0.294,0.0,0.253
2023-01,11740,0.2191,0.6876,0.0,0.0933
2023-02,11740,0.1363,0.8252,0.0,0.0385
2023-03,11740,0.2002,0.65,0.0,0.1498
2023-04,11740,0.1255,0.3809,0.0,0.4936
2023-05,11740,0.2075,0.4335,0.0,0.359
2023-06,11740,0.1962,0.625,0.0,0.1788
2023-07,11740,0.3272,0.3761,0.0,0.2966
2023-08,11740,0.3501,0.3838,0.0,0.2661
2023-09,11740,0.3333,0.4222,0.0,0.2444
2023-10,11740,0.3915,0.3932,0.0,0.2153
2023-11,11740,0.1943,0.638,0.0,0.1678
2023-12,11740,0.2281,0.655,0.0,0.117
2024-01,11740,0.325,0.4844,0.0,0.1906
2024-02,11740,0.1784,0.5045,0.0,0.3171
2024-03,11740,0.3688,0.3194,0.0,0.3118
2024-04,11740,0.2407,0.5161,0.0,0.2432
2024-05,11740,0.3307,0.4042,0.0,0.2651
2024-06,11740,0.3782,0.3542,0.0,0.2675
2024-07,11740,0.3223,0.4293,0.0,0.2485
2024-08,11740,0.3533,0.3487,0.0,0.2979
2024-09,11740,0.3387,0.4194,0.0,0.2419
2024-10,11740,0.2427,0.5437,0.0,0.2136
2024-11,11740,0.3342,0.4158,0.0,0.25
2024-12,11740,0.2219,0.2941,0.0,0.484
2025-01,11740,0.2358,0.5849,0.0,0.1792
2025-02,11740,0.3543,0.4033,0.0,0.2424
2025-03,11740,0.4153,0.3545,0.0,0.2302
2025-04,11740,0.393,0.3421,0.0,0.2649
2025-05,11740,0.367,0.3692,0.0,0.2637
2025-06,11740,0.3513,0.3513,0.0,0.2974
2025-07,11740,0.2931,0.4835,0.0,0.2234
2025-08,11740,0.4041,0.3459,0.0,0.25
2025-09,11740,0.4079,0.3172,0.0,0.2749
2025-10,11740,0.3288,0.3985,0.0,0.2726
2025-11,11740,0.3216,0.3922,0.0,0.2863
2025-12,11740,0.3976,0.3735,0.0,0.2289
2026-01,11740,0.4625,0.3438,0.0,0.1938
2026-02,11740,0.3692,0.3548,0.0,0.276
2026-03,11740,0.3846,0.3903,0.0,0.2251
2026-04,11740,0.4077,0.375,0.0,0.2173
2026-05,11740,0.409,0.3731,0.0,0.2179
2026-06,11740,0.379,0.4198,0.0,0.2012
2026-07,11740,0.4149,0.3562,0.0,0.229
2026-08,11740,0.4626,0.3396,0.0,0.1979
2023-01,28110,0.4278,0.3333,0.0833,0.1556
2023-02,28110,0.431,0.2441,0.0825,0.2424
2023-03,28110,0.393,0.3123,0.1018,0.193
2023-04,28110,0.4333,0.2515,0.0909,0.2242
2023-05,28110,0.4164,0.2492,0.1136,0.2208
2023-06,28110,0.39,0.302,0.106,0.202
2023-07,28110,0.381,0.3053,0.0952,0.2185
2023-08,28110,0.374,0.378,0.0787,0.1693
2023-09,28110,0.455,0.2895,0.0754,0.18
2023-10,28110,0.3814,0.3041,0.1031,0.2113
2023-11,28110,0.3974,0.3013,0.1346,0.1667
2023-12,28110,0.3576,0.3113,0.1457,0.1854
2024-01,28110,0.5025,0.2386,0.0812,0.1777
2024-02,28110,0.4667,0.1944,0.1222,0.2167
2024-03,28110,0.4753,0.2152,0.1345,0.1749
2024-04,28110,0.4326,0.2326,0.107,0.2279
2024-05,28110,0.464,0.3008,0.0848,0.1504
2024-06,28110,0.4083,0.2833,0.0889,0.2194
2024-07,28110,0.4114,0.2992,0.1083,0.1811
2024-08,28110,0.3776,0.3112,0.093,0.2182
2024-09,28110,0.3806,0.3131,0.1081,0.1982
2024-10,28110,0.2799,0.5078,0.0573,0.1549
2024-11,28110,0.3507,0.375,0.0903,0.184
2024-12,28110,0.4583,0.2917,0.075,0.175
2025-01,28110,0.3281,0.4704,0.0672,0.1344
2025-02,28110,0.2908,0.4397,0.0922,0.1773
2025-03,28110,0.3264,0.4339,0.0847,0.155
2025-04,28110,0.3971,0.3235,0.0784,0.201
2025-05,28110,0.4466,0.2621,0.0922,0.199
2025-06,28110,0.5464,0.1913,0.071,0.1913
2025-07,28110,0.493,0.2488,0.0563,0.2019
2025-08,28110,0.4733,0.2467,0.1133,0.1667
2025-09,28110,0.4695,0.2927,0.0366,0.2012
2025-10,28110,0.3762,0.4116,0.0772,0.135
2025-11,28110,0.157,0.4083,0.362,0.0727
2025-12,28110,0.1636,0.7412,0.0317,0.0634
2026-01,28110,0.5,0.2522,0.115,0.1327
2026-02,28110,0.6422,0.1843,0.0555,0.1181
2026-03,28110,0.564,0.2414,0.0813,0.1133
2026-04,28110,0.4844,0.2533,0.0911,0.1711
2026-05,28110,0.4523,0.2792,0.0919,0.1767
2026-06,28110,0.4412,0.2757,0.1066,0.1765
2026-07,28110,0.4706,0.2284,0.1003,0.2007
2026-08,28110,0.3466,0.3558,0.0706,0.227
2023-01,28140,0.3243,0.4054,0.0811,0.1892
2023-02,28140,0.3846,0.4615,0.0577,0.0962
2023-03,28140,0.2121,0.4924,0.1136,0.1818
2023-04,28140,0.1094,0.5286,0.1146,0.2474
2023-05,28140,0.4211,0.3947,0.0921,0.0921
2023-06,28140,0.2535,0.338,0.2676,0.1408
2023-07,28140,0.4634,0.439,0.0488,0.0488
2023-08,28140,0.4507,0.3944,0.0141,0.1408
2023-09,28140,0.3012,0.494,0.0482,0.1566
2023-10,28140,0.3117,0.4805,0.0519,0.1558
2023-11,28140,0.5185,0.2963,0.037,0.1481
2023-12,28140,0.4,0.5,0.0,0.1
2024-01,28140,0.3571,0.4821,0.0357,0.125
2024-02,28140,0.3571,0.3929,0.125,0.125
2024-03,28140,0.4143,0.4429,0.0,0.1429
2024-04,28140,0.5347,0.3564,0.0297,0.0792
2024-05,28140,0.4416,0.3766,0.0519,0.1299
2024-06,28140,0.2857,0.5857,0.0429,0.0857
2024-07,28140,0.3563,0.4023,0.069,0.1724
2024-08,28140,0.3697,0.4538,0.042,0.1345
2024-09,28140,0.3118,0.4086,0.0538,0.2258
2024-10,28140,0.2326,0.593,0.0465,0.1279
2024-11,28140,0.1882,0.6353,0.0941,0.0824
2024-12,28140,0.2444,0.5889,0.0333,0.1333
2025-01,28140,0.3421,0.4737,0.0,0.1842
2025-02,28140,0.4062,0.3281,0.0625,0.2031
2025-03,28140,0.3214,0.4643,0.1071,0.1071
2025-04,28140,0.4359,0.3846,0.0641,0.1154
2025-05,28140,0.2439,0.5,0.0366,0.2195
2025-06,28140,0.3333,0.4321,0.1235,0.1111
2025-07,28140,0.4898,0.2755,0.0918,0.1429
2025-08,28140,0.3919,0.5,0.027,0.0811
2025-09,28140,0.1974,0.6316,0.0526,0.1184
2025-10,28140,0.403,0.4627,0.0299,0.1045
2025-11,28140,0.2192,0.5068,0.0822,0.1918
2025-12,28140,0.3714,0.4286,0.0476,0.1524
2026-01,28140,0.3168,0.495,0.0792,0.1089
2026-02,28140,0.2987,0.3766,0.0909,0.2338
2026-03,28140,0.3861,0.4851,0.0396,0.0891
2026-04,28140,0.1955,0.2346,0.0168,0.5531
2026-05,28140,0.4,0.3818,0.0182,0.2
2026-06,28140,0.2857,0.4167,0.0595,0.2381
2026-07,28140,0.3942,0.3173,0.1058,0.1827
2026-08,28140,0.2593,0.4444,0.0494,0.2469
2023-01,28177,0.3802,0.3438,0.1042,0.1719
2023-02,28177,0.4543,0.3293,0.0732,0.1433
2023-03,28177,0.4791,0.3272,0.0576,0.1361
2023-04,28177,0.4515,0.4075,0.033,0.1079
2023-05,28177,0.4865,0.316,0.0582,0.1393
2023-06,28177,0.4123,0.3267,0.0756,0.1854
2023-07,28177,0.2976,0.4694,0.0638,0.1692
2023-08,28177,0.3912,0.4322,0.0473,0.1294
2023-09,28177,0.5191,0.3124,0.0521,0.1164
2023-10,28177,0.4667,0.3079,0.054,0.1714
2023-11,28177,0.4479,0.3183,0.0873,0.1465
2023-12,28177,0.3684,0.3701,0.0855,0.176
2024-01,28177,0.4101,0.2899,0.087,0.213
2024-02,28177,0.3624,0.2566,0.0635,0.3175
2024-03,28177,0.3872,0.3599,0.0875,0.1654
2024-04,28177,0.3618,0.4027,0.0691,0.1664
2024-05,28177,0.4632,0.3591,0.0754,0.1023
2024-06,28177,0.4639,0.3403,0.0626,0.1332
2024-07,28177,0.4192,0.4106,0.0529,0.1173
2024-08,28177,0.4544,0.3517,0.0589,0.135
2024-09,28177,0.4802,0.3787,0.0619,0.0792
2024-10,28177,0.5123,0.298,0.0493,0.1404
2024-11,28177,0.1769,0.7385,0.0265,0.0582
2024-12,28177,0.2092,0.5815,0.0584,0.1508
2025-01,28177,0.3113,0.4935,0.0603,0.1349
2025-02,28177,0.2652,0.5587,0.0406,0.1354
2025-03,28177,0.5226,0.3038,0.0506,0.123
2025-04,28177,0.4752,0.3265,0.065,0.1333
2025-05,28177,0.5702,0.2453,0.0508,0.1337
2025-06,28177,0.4105,0.3813,0.0693,0.1389
2025-07,28177,0.451,0.3795,0.0342,0.1353
2025-08,28177,0.4601,0.3482,0.0607,0.131
2025-09,28177,0.597,0.2697,0.0333,0.1
2025-10,28177,0.4707,0.3289,0.0548,0.1456
2025-11,28177,0.451,0.3531,0.0644,0.1314
2025-12,28177,0.4981,0.3569,0.0429,0.1021
2026-01,28177,0.41,0.4583,0.0299,0.1018
2026-02,28177,0.4267,0.4194,0.0352,0.1188
2026-03,28177,0.4749,0.3464,0.0475,0.1313
2026-04,28177,0.4659,0.3687,0.0425,0.1229
2026-05,28177,0.4295,0.2902,0.1343,0.1459
2026-06,28177,0.4764,0.3632,0.0557,0.1047
2026-07,28177,0.4221,0.3902,0.06,0.1276
2026-08,28177,0.3808,0.3563,0.0442,0.2187
2023-01,28185,0.4399,0.2184,0.0728,0.269
2023-02,28185,0.5231,0.2114,0.074,0.1915
2023-03,28185,0.5264,0.2168,0.0713,0.1854
2023-04,28185,0.4873,0.2302,0.0698,0.2127
2023-05,28185,0.5131,0.2282,0.0733,0.1853
2023-06,28185,0.5265,0.2296,0.0617,0.1822
2023-07,28185,0.5244,0.2486,0.056,0.171
2023-08,28185,0.5255,0.2455,0.0636,0.1655
2023-09,28185,0.5641,0.1947,0.0632,0.178
2023-10,28185,0.5402,0.2224,0.0467,0.1907
2023-11,28185,0.5088,0.2339,0.0614,0.1959
2023-12,28185,0.5448,0.1866,0.0597,0.209
2024-01,28185,0.5087,0.2407,0.0596,0.1911
2024-02,28185,0.5172,0.2875,0.0578,0.1376
2024-03,28185,0.5561,0.2563,0.0452,0.1424
2024-04,28185,0.4884,0.2917,0.0561,0.1637
2024-05,28185,0.5578,0.2108,0.0541,0.1773
2024-06,28185,0.5248,0.2331,0.0599,0.1822
2024-07,28185,0.4544,0.2754,0.0553,0.2148
2024-08,28185,0.4763,0.2583,0.0545,0.2109
2024-09,28185,0.5255,0.2494,0.0552,0.1699
2024-10,28185,0.4972,0.2296,0.069,0.2042
2024-11,28185,0.5694,0.1988,0.0455,0.1863
2024-12,28185,0.3996,0.4597,0.0416,0.0991
2025-01,28185,0.5082,0.2568,0.0492,0.1858
2025-02,28185,0.4227,0.4318,0.0437,0.1018
2025-03,28185,0.4612,0.3483,0.054,0.1365
2025-04,28185,0.5039,0.2613,0.0595,0.1753
2025-05,28185,0.5481,0.2411,0.0438,0.1669
2025-06,28185,0.5282,0.2702,0.0595,0.142
2025-07,28185,0.5377,0.2362,0.0653,0.1608
2025-08,28185,0.4964,0.2803,0.0641,0.1591
2025-09,28185,0.4912,0.2562,0.0636,0.189
2025-10,28185,0.5049,0.2189,0.0671,0.2091
2025-11,28185,0.5131,0.2585,0.0551,0.1732
2025-12,28185,0.5385,0.2051,0.0814,0.175
2026-01,28185,0.4802,0.2691,0.0722,0.1785
2026-02,28185,0.5405,0.2427,0.0473,0.1695
2026-03,28185,0.549,0.199,0.0626,0.1894
2026-04,28185,0.5612,0.2137,0.0522,0.1729
2026-05,28185,0.5668,0.2329,0.0736,0.1267
2026-06,28185,0.5712,0.2131,0.0517,0.1639
2026-07,28185,0.5669,0.2296,0.0529,0.1505
2026-08,28185,0.5948,0.1992,0.0646,0.1415
2023-01,28200,0.6186,0.1753,0.0258,0.1804
2023-02,28200,0.5352,0.2537,0.0469,0.1642
2023-03,28200,0.6,0.1957,0.0473,0.157
2023-04,28200,0.6379,0.165,0.0345,0.1626
2023-05,28200,0.5891,0.2065,0.0506,0.1538
2023-06,28200,0.5928,0.1767,0.0425,0.1879
2023-07,28200,0.5628,0.2104,0.0464,0.1803
2023-08,28200,0.5401,0.2005,0.0472,0.2123
2023-09,28200,0.4197,0.292,0.0791,0.2092
2023-10,28200,0.6557,0.1749,0.0519,0.1175
2023-11,28200,0.6391,0.1775,0.0414,0.142
2023-12,28200,0.5059,0.2588,0.0627,0.1725
2024-01,28200,0.5927,0.228,0.0426,0.1368
2024-02,28200,0.5867,0.211,0.0231,0.1792
2024-03,28200,0.5841,0.1925,0.0465,0.177
2024-04,28200,0.6463,0.1667,0.0508,0.1362
2024-05,28200,0.6193,0.1861,0.0626,0.132
2024-06,28200,0.6131,0.1725,0.0771,0.1374
2024-07,28200,0.6595,0.1688,0.0401,0.1316
2024-08,28200,0.6155,0.2079,0.0528,0.1238
2024-09,28200,0.634,0.1917,0.0436,0.1307
2024-10,28200,0.612,0.2062,0.0466,0.1353
2024-11,28200,0.6496,0.1941,0.0323,0.124
2024-12,28200,0.6696,0.1369,0.0357,0.1577
2025-01,28200,0.5931,0.2345,0.0276,0.1448
2025-02,28200,0.7106,0.1426,0.0426,0.1043
2025-03,28200,0.5398,0.1563,0.0362,0.2677
2025-04,28200,0.6137,0.1843,0.0294,0.1725
2025-05,28200,0.6044,0.2063,0.0291,0.1602
2025-06,28200,0.6004,0.2048,0.0656,0.1292
2025-07,28200,0.5757,0.2541,0.0459,0.1243
2025-08,28200,0.5817,0.1863,0.0418,0.1901
2025-09,28200,0.5956,0.1612,0.0464,0.1967
2025-10,28200,0.3416,0.2679,0.0805,0.3099
2025-11,28200,0.6132,0.1781,0.0585,0.1501
2025-12,28200,0.5462,0.2308,0.0538,0.1692
2026-01,28200,0.5871,0.2114,0.0423,0.1592
2026-02,28200,0.5925,0.2081,0.0578,0.1416
2026-03,28200,0.5132,0.3289,0.0566,0.1013
2026-04,28200,0.6024,0.2106,0.065,0.122
2026-05,28200,0.5276,0.2424,0.057,0.1729
2026-06,28200,0.5165,0.2565,0.0589,0.1681
2026-07,28200,0.5358,0.2724,0.0466,0.1452
2026-08,28200,0.5179,0.2755,0.0459,0.1607
2023-01,28237,0.4894,0.1549,0.1373,0.2183
2023-02,28237,0.387,0.1631,0.1866,0.2633
2023-03,28237,0.4764,0.1673,0.124,0.2323
2023-04,28237,0.5118,0.1706,0.1412,0.1765
2023-05,28237,0.4639,0.1832,0.1513,0.2017
2023-06,28237,0.4805,0.1883,0.1201,0.211
2023-07,28237,0.4125,0.2513,0.1369,0.1993
2023-08,28237,0.5067,0.1657,0.1181,0.2095
2023-09,28237,0.5439,0.1156,0.1156,0.2248
2023-10,28237,0.4449,0.171,0.1226,0.2616
2023-11,28237,0.3456,0.3226,0.1378,0.194
2023-12,28237,0.4242,0.2152,0.1485,0.2121
2024-01,28237,0.3977,0.3353,0.078,0.1891
2024-02,28237,0.5309,0.1366,0.0902,0.2423
2024-03,28237,0.5589,0.1328,0.1199,0.1884
2024-04,28237,0.4894,0.2293,0.1203,0.161
2024-05,28237,0.5018,0.1431,0.1678,0.1873
2024-06,28237,0.588,0.138,0.086,0.188
2024-07,28237,0.5286,0.1366,0.091,0.2438
2024-08,28237,0.4784,0.208,0.112,0.2016
2024-09,28237,0.5036,0.2,0.0867,0.2096
2024-10,28237,0.5489,0.1414,0.1227,0.1871
2024-11,28237,0.5029,0.1442,0.0955,0.2573
2024-12,28237,0.4988,0.2494,0.1064,0.1454
2025-01,28237,0.4879,0.1455,0.0515,0.3152
2025-02,28237,0.3781,0.1598,0.1376,0.3245
2025-03,28237,0.5145,0.1522,0.1105,0.2228
2025-04,28237,0.5368,0.1588,0.1113,0.1931
2025-05,28237,0.5348,0.1172,0.0916,0.2564
2025-06,28237,0.4897,0.2646,0.092,0.1537
2025-07,28237,0.47,0.1617,0.1649,0.2034
2025-08,28237,0.4652,0.1496,0.2254,0.1598
2025-09,28237,0.5325,0.1952,0.0797,0.1926
2025-10,28237,0.5,0.1154,0.1,0.2846
2025-11,28237,0.4836,0.2024,0.0985,0.2155
2025-12,28237,0.4512,0.1725,0.1257,0.2506
2026-01,28237,0.5109,0.1473,0.1091,0.2327
2026-02,28237,0.4375,0.1117,0.2292,0.2216
2026-03,28237,0.5058,0.1691,0.1297,0.1953
2026-04,28237,0.4611,0.1121,0.2522,0.1745
2026-05,28237,0.5409,0.185,0.0922,0.1819
2026-06,28237,0.4555,0.1139,0.1066,0.3241
2026-07,28237,0.4865,0.1832,0.1032,0.2271
2026-08,28237,0.5416,0.133,0.1283,0.1971
2023-01,28245,0.5208,0.1771,0.0833,0.2188
2023-02,28245,0.6788,0.0667,0.0606,0.1939
2023-03,28245,0.5511,0.1778,0.1111,0.16
2023-04,28245,0.6215,0.1469,0.1186,0.113
2023-05,28245,0.4828,0.1782,0.1494,0.1897
2023-06,28245,0.5128,0.1652,0.0912,0.2308
2023-07,28245,0.6164,0.137,0.0639,0.1826
2023-08,28245,0.6282,0.1453,0.0684,0.1581
2023-09,28245,0.5852,0.1965,0.083,0.1354
2023-10,28245,0.6403,0.1186,0.083,0.1581
2023-11,28245,0.4243,0.3271,0.091,0.1576
2023-12,28245,0.3826,0.2812,0.1391,0.1971
2024-01,28245,0.4354,0.3373,0.0718,0.1555
2024-02,28245,0.4433,0.2995,0.0995,0.1576
2024-03,28245,0.6267,0.0933,0.13,0.15
2024-04,28245,0.5959,0.1711,0.1209,0.1121
2024-05,28245,0.5568,0.179,0.0824,0.1818
2024-06,28245,0.5247,0.2438,0.1049,0.1265
2024-07,28245,0.5178,0.2222,0.0985,0.1614
2024-08,28245,0.4819,0.2547,0.0826,0.1807
2024-09,28245,0.3904,0.3246,0.1315,0.1534
2024-10,28245,0.4893,0.2479,0.1154,0.1474
2024-11,28245,0.5192,0.2462,0.0962,0.1385
2024-12,28245,0.2931,0.3966,0.1404,0.17
2025-01,28245,0.3215,0.3308,0.1886,0.1592
2025-02,28245,0.341,0.4286,0.0946,0.1358
2025-03,28245,0.328,0.3662,0.1008,0.2049
2025-04,28245,0.3257,0.2808,0.0863,0.3072
2025-05,28245,0.3723,0.3506,0.0885,0.1886
2025-06,28245,0.533,0.2216,0.1135,0.1319
2025-07,28245,0.5426,0.2131,0.0938,0.1506
2025-08,28245,0.3554,0.3933,0.0899,0.1615
2025-09,28245,0.4646,0.2323,0.1331,0.17
2025-10,28245,0.542,0.2063,0.1084,0.1434
2025-11,28245,0.5154,0.198,0.1195,0.1672
2025-12,28245,0.5495,0.1229,0.1502,0.1775
2026-01,28245,0.5086,0.2062,0.1237,0.1615
2026-02,28245,0.5929,0.1607,0.1036,0.1429
2026-03,28245,0.5872,0.1896,0.1009,0.1223
2026-04,28245,0.5697,0.1642,0.1269,0.1393
2026-05,28245,0.5507,0.1622,0.1182,0.1689
2026-06,28245,0.5403,0.1913,0.1107,0.1577
2026-07,28245,0.5751,0.1725,0.1086,0.1438
2026-08,28245,0.4612,0.2054,0.1434,0.1899
2023-01,28260,0.3415,0.2012,0.1759,0.2813
2023-02,28260,0.4272,0.2411,0.1167,0.215
2023-03,28260,0.4769,0.2226,0.0914,0.209
2023-04,28260,0.3749,0.2245,0.1425,0.2581
2023-05,28260,0.4376,0.1846,0.1305,0.2473
2023-06,28260,0.4315,0.1875,0.1509,0.23
2023-07,28260,0.4601,0.225,0.108,0.2069
2023-08,28260,0.3614,0.2118,0.1713,0.2555
2023-09,28260,0.4473,0.2497,0.0886,0.2144
2023-10,28260,0.4568,0.2191,0.1042,0.2199
2023-11,28260,0.3732,0.196,0.1695,0.2613
2023-12,28260,0.3615,0.2314,0.1937,0.2134
2024-01,28260,0.4116,0.1859,0.14,0.2625
2024-02,28260,0.4859,0.2077,0.0987,0.2077
2024-03,28260,0.4615,0.2019,0.1386,0.1979
2024-04,28260,0.4472,0.2017,0.1562,0.1949
2024-05,28260,0.5457,0.235,0.0783,0.141
2024-06,28260,0.5832,0.1767,0.0756,0.1645
2024-07,28260,0.5499,0.1776,0.0969,0.1756
2024-08,28260,0.5213,0.1876,0.0981,0.193
2024-09,28260,0.3753,0.2102,0.184,0.2305
2024-10,28260,0.5599,0.2159,0.0724,0.1518
2024-11,28260,0.5435,0.1702,0.1141,0.1721
2024-12,28260,0.4387,0.1776,0.1692,0.2144
2025-01,28260,0.5356,0.1566,0.0996,0.2082
2025-02,28260,0.5673,0.1506,0.1053,0.1769
2025-03,28260,0.5589,0.1551,0.1133,0.1727
2025-04,28260,0.5072,0.1775,0.1279,0.1874
2025-05,28260,0.4712,0.2192,0.1051,0.2045
2025-06,28260,0.54,0.1558,0.0958,0.2084
2025-07,28260,0.5803,0.1736,0.1036,0.1425
2025-08,28260,0.4546,0.1964,0.1526,0.1964
2025-09,28260,0.4681,0.2022,0.1345,0.1951
2025-10,28260,0.4881,0.1758,0.133,0.2031
2025-11,28260,0.5452,0.1918,0.0889,0.174
2025-12,28260,0.5151,0.1959,0.1045,0.1846
2026-01,28260,0.4151,0.2087,0.1568,0.2194
2026-02,28260,0.4888,0.1822,0.1357,0.1933
2026-03,28260,0.4996,0.219,0.116,0.1654
2026-04,28260,0.4904,0.1943,0.1316,0.1836
2026-05,28260,0.4319,0.2278,0.1612,0.1792
2026-06,28260,0.481,0.2024,0.1634,0.1532
2026-07,28260,0.427,0.2411,0.1419,0.1901
2026-08,28260,0.2472,0.3393,0.1417,0.2719
2023-01,28710,0.875,0.0,0.0,0.125
2023-02,28710,0.7692,0.0,0.0,0.2308
2023-03,28710,0.8,0.0,0.1,0.1
2023-04,28710,0.7,0.2,0.0,0.1
2023-05,28710,0.625,0.125,0.125,0.125
2023-06,28710,0.625,0.1875,0.1875,0.0
2023-07,28710,0.1642,0.3705,0.1427,0.3226
2023-08,28710,0.2679,0.4286,0.1429,0.1607
2023-09,28710,0.1579,0.3158,0.1053,0.4211
2023-10,28710,0.6364,0.0909,0.0909,0.1818
2023-11,28710,0.3684,0.2105,0.1579,0.2632
2023-12,28710,0.25,0.3333,0.1667,0.25
2024-01,28710,0.5385,0.1538,0.0,0.3077
2024-02,28710,0.375,0.375,0.0,0.25
2024-03,28710,0.7,0.2,0.0,0.1
2024-04,28710,0.5714,0.2857,0.0,0.1429
2024-05,28710,0.7143,0.0,0.0,0.2857
2024-06,28710,0.875,0.0,0.125,0.0
2024-07,28710,0.625,0.0,0.0,0.375
2024-08,28710,0.4667,0.1667,0.1,0.2667
2024-09,28710,0.3667,0.3333,0.0333,0.2667
2024-10,28710,0.5405,0.1622,0.1081,0.1892
2024-11,28710,0.7647,0.0882,0.0588,0.0882
2024-12,28710,0.5556,0.1667,0.1111,0.1667
2025-01,28710,0.5,0.1538,0.1538,0.1923
2025-02,28710,0.5682,0.0682,0.0682,0.2955
2025-03,28710,0.6818,0.1364,0.1364,0.0455
2025-04,28710,0.5714,0.1429,0.0476,0.2381
2025-05,28710,0.65,0.05,0.1,0.2
2025-06,28710,0.5714,0.0,0.0714,0.3571
2025-07,28710,0.55,0.15,0.05,0.25
2025-08,28710,0.7222,0.1111,0.0556,0.1111
2025-09,28710,0.5172,0.0345,0.2414,0.2069
2025-10,28710,0.5714,0.0952,0.0,0.3333
2025-11,28710,0.4262,0.2295,0.082,0.2623
2025-12,28710,0.4805,0.1429,0.0909,0.2857
2026-01,28710,0.5714,0.1786,0.1429,0.1071
2026-02,28710,0.4074,0.0741,0.2222,0.2963
2026-03,28710,0.5676,0.1622,0.027,0.2432
2026-04,28710,0.4516,0.0645,0.0968,0.3871
2026-05,28710,0.6944,0.1389,0.0,0.1667
2026-06,28710,0.5556,0.0,0.1111,0.3333
2026-07,28710,0.5909,0.0455,0.0455,0.3182
2026-08,28710,0.6562,0.125,0.0312,0.1875
2023-01,41111,0.4697,0.3788,0.0909,0.0606
2023-02,41111,0.475,0.3667,0.05,0.1083
2023-03,41111,0.4828,0.4138,0.0828,0.0207
2023-04,41111,0.4779,0.4191,0.0515,0.0515
2023-05,41111,0.4806,0.4175,0.0583,0.0437
2023-06,41111,0.467,0.4229,0.0661,0.0441
2023-07,41111,0.4721,0.4249,0.0815,0.0215
2023-08,41111,0.477,0.3922,0.0813,0.0495
2023-09,41111,0.4886,0.3516,0.0868,0.0731
2023-10,41111,0.4938,0.3693,0.0747,0.0622
2023-11,41111,0.5171,0.361,0.0829,0.039
2023-12,41111,0.3286,0.3667,0.2762,0.0286
2024-01,41111,0.4929,0.3857,0.0786,0.0429
2024-02,41111,0.5245,0.348,0.0784,0.049
2024-03,41111,0.4913,0.3783,0.0565,0.0739
2024-04,41111,0.5,0.3929,0.0625,0.0446
2024-05,41111,0.4373,0.4194,0.0968,0.0466
2024-06,41111,0.2699,0.3922,0.0505,0.2874
2024-07,41111,0.5121,0.378,0.0697,0.0402
2024-08,41111,0.5329,0.3391,0.0692,0.0588
2024-09,41111,0.5708,0.2968,0.0639,0.0685
2024-10,41111,0.5855,0.2991,0.0769,0.0385
2024-11,41111,0.5833,0.2917,0.0774,0.0476
2024-12,41111,0.4305,0.3907,0.0861,0.0927
2025-01,41111,0.528,0.4095,0.0259,0.0366
2025-02,41111,0.3572,0.5489,0.0771,0.0168
2025-03,41111,0.4836,0.377,0.082,0.0574
2025-04,41111,0.5781,0.299,0.0631,0.0598
2025-05,41111,0.5279,0.3605,0.0687,0.0429
2025-06,41111,0.5434,0.3596,0.0586,0.0384
2025-07,41111,0.5423,0.3704,0.0529,0.0344
2025-08,41111,0.5323,0.3184,0.0597,0.0896
2025-09,41111,0.4714,0.3429,0.075,0.1107
2025-10,41111,0.4922,0.3676,0.0748,0.0654
2025-11,41111,0.4083,0.4417,0.0833,0.0667
2025-12,41111,0.4234,0.4043,0.0915,0.0809
2026-01,41111,0.3843,0.4585,0.0742,0.083
2026-02,41111,0.4118,0.4412,0.0882,0.0588
2026-03,41111,0.4118,0.479,0.0714,0.0378
2026-04,41111,0.3649,0.5171,0.0885,0.0295
2026-05,41111,0.4401,0.4483,0.0785,0.0331
2026-06,41111,0.4458,0.4406,0.0637,0.0499
2026-07,41111,0.4359,0.4469,0.0769,0.0403
2026-08,41111,0.3925,0.5081,0.057,0.0423
2023-01,41113,0.4795,0.3392,0.0702,0.1111
2023-02,41113,0.5413,0.3399,0.0495,0.0693
2023-03,41113,0.4513,0.4188,0.0519,0.0779
2023-04,41113,0.4702,0.4246,0.0561,0.0491
2023-05,41113,0.4826,0.3854,0.066,0.066
2023-06,41113,0.4965,0.3794,0.0709,0.0532
2023-07,41113,0.4704,0.4146,0.0523,0.0627
2023-08,41113,0.5671,0.3456,0.0403,0.047
2023-09,41113,0.4866,0.3926,0.0436,0.0772
2023-10,41113,0.4336,0.4531,0.0547,0.0586
2023-11,41113,0.5284,0.3886,0.0349,0.048
2023-12,41113,0.4845,0.4225,0.031,0.062
2024-01,41113,0.4963,0.3955,0.041,0.0672
2024-02,41113,0.3766,0.5579,0.0335,0.0321
2024-03,41113,0.3802,0.4523,0.0523,0.1153
2024-04,41113,0.2262,0.5585,0.0959,0.1194
2024-05,41113,0.4782,0.4053,0.0583,0.0583
2024-06,41113,0.512,0.3876,0.0359,0.0646
2024-07,41113,0.4797,0.381,0.0812,0.058
2024-08,41113,0.4236,0.456,0.0556,0.0648
2024-09,41113,0.3647,0.4918,0.0635,0.08
2024-10,41113,0.4116,0.4171,0.0884,0.0829
2024-11,41113,0.3778,0.4574,0.108,0.0568
2024-12,41113,0.4345,0.4069,0.0598,0.0989
2025-01,41113,0.37,0.4965,0.0598,0.0737
2025-02,41113,0.4725,0.4137,0.051,0.0627
2025-03,41113,0.4578,0.4185,0.0589,0.0648
2025-04,41113,0.4698,0.4497,0.049,0.0314
2025-05,41113,0.4771,0.4188,0.0729,0.0312
2025-06,41113,0.5191,0.3864,0.0448,0.0498
2025-07,41113,0.5931,0.3138,0.0506,0.0425
2025-08,41113,0.6021,0.3236,0.0345,0.0398
2025-09,41113,0.5231,0.1832,0.028,0.2657
2025-10,41113,0.6347,0.2934,0.0353,0.0367
2025-11,41113,0.4728,0.4089,0.0463,0.0719
2025-12,41113,0.4503,0.4395,0.0517,0.0585
2026-01,41113,0.4321,0.4453,0.0584,0.0642
2026-02,41113,0.4222,0.4547,0.0701,0.053
2026-03,41113,0.4215,0.451,0.0564,0.0711
2026-04,41113,0.3426,0.3917,0.048,0.2176
2026-05,41113,0.3951,0.5106,0.0553,0.039
2026-06,41113,0.3576,0.5176,0.0691,0.0558
2026-07,41113,0.3937,0.4773,0.0622,0.0669
2026-08,41113,0.3305,0.5283,0.0725,0.0688
2023-01,41115,0.109,0.1654,0.6955,0.0301
2023-02,41115,0.2636,0.6091,0.0818,0.0455
2023-03,41115,0.2741,0.563,0.0593,0.1037
2023-04,41115,0.3086,0.5403,0.0743,0.0768
2023-05,41115,0.1764,0.7466,0.0377,0.0394
2023-06,41115,0.1742,0.5928,0.1023,0.1307
2023-07,41115,0.3039,0.5635,0.0829,0.0497
2023-08,41115,0.3481,0.4972,0.0718,0.0829
2023-09,41115,0.4895,0.3895,0.0526,0.0684
2023-10,41115,0.4404,0.4312,0.0459,0.0826
2023-11,41115,0.1579,0.2325,0.0307,0.5789
2023-12,41115,0.4382,0.3483,0.1236,0.0899
2024-01,41115,0.5405,0.3333,0.036,0.0901
2024-02,41115,0.4141,0.3535,0.1212,0.1111
2024-03,41115,0.3485,0.4697,0.0758,0.1061
2024-04,41115,0.3333,0.5069,0.0833,0.0764
2024-05,41115,0.3043,0.4638,0.1232,0.1087
2024-06,41115,0.3818,0.4545,0.0848,0.0788
2024-07,41115,0.3661,0.4598,0.1071,0.067
2024-08,41115,0.3713,0.4895,0.097,0.0422
2024-09,41115,0.3514,0.4459,0.1284,0.0743
2024-10,41115,0.3135,0.5135,0.0757,0.0973
2024-11,41115,0.2085,0.4076,0.0521,0.3318
2024-12,41115,0.442,0.4275,0.0507,0.0797
2025-01,41115,0.398,0.4898,0.051,0.0612
2025-02,41115,0.3,0.5692,0.0769,0.0538
2025-03,41115,0.2744,0.6047,0.0605,0.0605
2025-04,41115,0.2632,0.5702,0.0877,0.0789
2025-05,41115,0.311,0.5366,0.0976,0.0549
2025-06,41115,0.3185,0.5766,0.0363,0.0685
2025-07,41115,0.3396,0.5187,0.0634,0.0784
2025-08,41115,0.3858,0.4252,0.0787,0.1102
2025-09,41115,0.3435,0.487,0.0478,0.1217
2025-10,41115,0.2884,0.5393,0.0749,0.0974
2025-11,41115,0.2885,0.5577,0.0865,0.0673
2025-12,41115,0.2364,0.5909,0.1182,0.0545
2026-01,41115,0.3388,0.5124,0.0868,0.062
2026-02,41115,0.2584,0.5993,0.0824,0.0599
2026-03,41115,0.2833,0.6,0.09,0.0267
2026-04,41115,0.2968,0.5936,0.0668,0.0428
2026-05,41115,0.2708,0.5625,0.1146,0.0521
2026-06,41115,0.2768,0.5417,0.0655,0.1161
2026-07,41115,0.275,0.5656,0.1031,0.0563
2026-08,41115,0.2723,0.5312,0.1295,0.067
2023-01,41117,0.4191,0.4481,0.0664,0.0664
2023-02,41117,0.4357,0.4357,0.0523,0.0763
2023-03,41117,0.4322,0.4405,0.0501,0.0772
2023-04,41117,0.3953,0.4541,0.0729,0.0776
2023-05,41117,0.3989,0.4481,0.0638,0.0893
2023-06,41117,0.4337,0.4373,0.0627,0.0663
2023-07,41117,0.3954,0.4749,0.0753,0.0544
2023-08,41117,0.4163,0.4038,0.1046,0.0753
2023-09,41117,0.4231,0.4253,0.095,0.0566
2023-10,41117,0.4669,0.3675,0.0695,0.096
2023-11,41117,0.4433,0.42,0.0767,0.06
2023-12,41117,0.4895,0.3502,0.097,0.0633
2024-01,41117,0.4611,0.4042,0.0719,0.0629
2024-02,41117,0.4602,0.4041,0.059,0.0767
2024-03,41117,0.4654,0.4177,0.0621,0.0549
2024-04,41117,0.6655,0.278,0.0278,0.0287
2024-05,41117,0.5184,0.3785,0.0424,0.0607
2024-06,41117,0.4366,0.4313,0.0616,0.0704
2024-07,41117,0.4608,0.4014,0.0701,0.0677
2024-08,41117,0.4358,0.3996,0.0868,0.0778
2024-09,41117,0.4349,0.4326,0.0744,0.0581
2024-10,41117,0.4619,0.3959,0.066,0.0761
2024-11,41117,0.425,0.4219,0.075,0.0781
2024-12,41117,0.4172,0.4138,0.069,0.1
2025-01,41117,0.4327,0.3818,0.0727,0.1127
2025-02,41117,0.4836,0.3934,0.0601,0.0628
2025-03,41117,0.479,0.3794,0.0874,0.0542
2025-04,41117,0.4486,0.4224,0.0636,0.0654
2025-05,41117,0.4858,0.3897,0.0765,0.048
2025-06,41117,0.4556,0.4213,0.066,0.0571
2025-07,41117,0.4437,0.4403,0.058,0.058
2025-08,41117,0.456,0.4169,0.0717,0.0554
2025-09,41117,0.4604,0.3942,0.0727,0.0727
2025-10,41117,0.515,0.3974,0.0471,0.0405
2025-11,41117,0.5063,0.4097,0.0483,0.0357
2025-12,41117,0.452,0.452,0.0445,0.0515
2026-01,41117,0.4545,0.4139,0.067,0.0646
2026-02,41117,0.4518,0.4357,0.0622,0.0502
2026-03,41117,0.4624,0.4308,0.0704,0.0364
2026-04,41117,0.4043,0.4962,0.0663,0.0332
2026-05,41117,0.4171,0.4592,0.075,0.0487
2026-06,41117,0.4045,0.4653,0.0868,0.0434
2026-07,41117,0.3874,0.4849,0.0846,0.043
2026-08,41117,0.3939,0.488,0.0788,0.0394
2023-01,41131,0.3235,0.2206,0.3824,0.0735
2023-02,41131,0.2901,0.4504,0.1985,0.0611
2023-03,41131,0.2523,0.243,0.4299,0.0748
2023-04,41131,0.3028,0.5697,0.1019,0.0255
2023-05,41131,0.3113,0.5682,0.1013,0.0192
2023-06,41131,0.2755,0.4388,0.2449,0.0408
2023-07,41131,0.2403,0.4419,0.2403,0.0775
2023-08,41131,0.2734,0.375,0.3125,0.0391
2023-09,41131,0.3139,0.3723,0.2336,0.0803
2023-10,41131,0.3232,0.4444,0.202,0.0303
2023-11,41131,0.2581,0.4032,0.2742,0.0645
2023-12,41131,0.3235,0.4559,0.1471,0.0735
2024-01,41131,0.3012,0.3614,0.3012,0.0361
2024-02,41131,0.4096,0.3494,0.1928,0.0482
2024-03,41131,0.407,0.2674,0.2791,0.0465
2024-04,41131,0.4097,0.3125,0.2431,0.0347
2024-05,41131,0.3003,0.5754,0.1089,0.0154
2024-06,41131,0.1905,0.6571,0.1181,0.0343
2024-07,41131,0.2136,0.6017,0.1659,0.0188
2024-08,41131,0.2563,0.5912,0.1277,0.0248
2024-09,41131,0.2452,0.4333,0.2221,0.0995
2024-10,41131,0.2671,0.4879,0.2141,0.0309
2024-11,41131,0.3609,0.3534,0.2406,0.0451
2024-12,41131,0.3563,0.3563,0.2184,0.069
2025-01,41131,0.2414,0.4483,0.2414,0.069
2025-02,41131,0.3494,0.3012,0.2892,0.0602
2025-03,41131,0.2983,0.3204,0.3149,0.0663
2025-04,41131,0.3268,0.3595,0.2157,0.098
2025-05,41131,0.3053,0.5977,0.0742,0.0228
2025-06,41131,0.2454,0.4748,0.2248,0.055
2025-07,41131,0.3043,0.3665,0.2671,0.0621
2025-08,41131,0.2156,0.4431,0.2156,0.1257
2025-09,41131,0.1895,0.386,0.3579,0.0667
2025-10,41131,0.3195,0.3517,0.2667,0.0621
2025-11,41131,0.4,0.2437,0.2875,0.0688
2025-12,41131,0.3333,0.4208,0.2131,0.0328
2026-01,41131,0.2903,0.3226,0.3548,0.0323
2026-02,41131,0.2313,0.4388,0.2823,0.0476
2026-03,41131,0.2217,0.5642,0.1914,0.0227
2026-04,41131,0.2674,0.5239,0.1913,0.0174
2026-05,41131,0.2897,0.3396,0.2991,0.0717
2026-06,41131,0.236,0.3764,0.3371,0.0506
2026-07,41131,0.262,0.524,0.1921,0.0218
2026-08,41131,0.1061,0.2816,0.6073,0.0051
2023-01,41133,0.3793,0.4828,0.1034,0.0345
2023-02,41133,0.3273,0.3455,0.3091,0.0182
2023-03,41133,0.4375,0.375,0.1375,0.05
2023-04,41133,0.45,0.3375,0.1875,0.025
2023-05,41133,0.4928,0.3333,0.1304,0.0435
2023-06,41133,0.4203,0.3478,0.1304,0.1014
2023-07,41133,0.4205,0.3977,0.1364,0.0455
2023-08,41133,0.2895,0.4474,0.2105,0.0526
2023-09,41133,0.3636,0.3788,0.197,0.0606
2023-10,41133,0.3924,0.4177,0.1519,0.038
2023-11,41133,0.3171,0.3415,0.2927,0.0488
2023-12,41133,0.5263,0.1053,0.2368,0.1316
2024-01,41133,0.4091,0.4091,0.1136,0.0682
2024-02,41133,0.4,0.45,0.05,0.1
2024-03,41133,0.5556,0.2222,0.1728,0.0494
2024-04,41133,0.5124,0.3058,0.1405,0.0413
2024-05,41133,0.4309,0.3252,0.1789,0.065
2024-06,41133,0.3692,0.3462,0.2308,0.0538
2024-07,41133,0.345,0.38,0.21,0.065
2024-08,41133,0.3316,0.3827,0.1939,0.0918
2024-09,41133,0.4104,0.403,0.1418,0.0448
2024-10,41133,0.358,0.4568,0.1481,0.037
2024-11,41133,0.3159,0.5811,0.0856,0.0174
2024-12,41133,0.3596,0.3933,0.2247,0.0225
2025-01,41133,0.4324,0.2432,0.2703,0.0541
2025-02,41133,0.4746,0.3136,0.1441,0.0678
2025-03,41133,0.3647,0.3941,0.1882,0.0529
2025-04,41133,0.3212,0.4485,0.1697,0.0606
2025-05,41133,0.3909,0.3401,0.2081,0.0609
2025-06,41133,0.2914,0.4065,0.2302,0.0719
2025-07,41133,0.3018,0.426,0.2308,0.0414
2025-08,41133,0.3545,0.4182,0.1909,0.0364
2025-09,41133,0.3389,0.3611,0.2278,0.0722
2025-10,41133,0.2244,0.4829,0.2024,0.0902
2025-11,41133,0.2674,0.4419,0.2326,0.0581
2025-12,41133,0.3054,0.479,0.1856,0.0299
2026-01,41133,0.2174,0.5169,0.2222,0.0435
2026-02,41133,0.3037,0.445,0.2251,0.0262
2026-03,41133,0.3497,0.3988,0.2147,0.0368
2026-04,41133,0.3125,0.3462,0.3029,0.0385
2026-05,41133,0.3067,0.3908,0.2689,0.0336
2026-06,41133,0.3616,0.375,0.2143,0.0491
2026-07,41133,0.3478,0.3237,0.2947,0.0338
2026-08,41133,0.2765,0.4353,0.2588,0.0294
2023-01,41135,0.3721,0.4186,0.1395,0.0698
2023-02,41135,0.5109,0.4032,0.0568,0.0291
2023-03,41135,0.4522,0.4522,0.0652,0.0304
2023-04,41135,0.4827,0.3649,0.1109,0.0416
2023-05,41135,0.5054,0.3011,0.1484,0.0452
2023-06,41135,0.5055,0.3223,0.1258,0.0464
2023-07,41135,0.5813,0.2344,0.1196,0.0646
2023-08,41135,0.5068,0.3153,0.1216,0.0563
2023-09,41135,0.5,0.2878,0.1512,0.061
2023-10,41135,0.5,0.2808,0.1462,0.0731
2023-11,41135,0.522,0.2634,0.1415,0.0732
2023-12,41135,0.5123,0.3086,0.0988,0.0802
2024-01,41135,0.4977,0.3116,0.1209,0.0698
2024-02,41135,0.5132,0.2807,0.1667,0.0395
2024-03,41135,0.5767,0.28,0.1067,0.0367
2024-04,41135,0.563,0.2864,0.121,0.0296
2024-05,41135,0.5216,0.3394,0.1048,0.0341
2024-06,41135,0.5619,0.2896,0.099,0.0495
2024-07,41135,0.5203,0.2915,0.144,0.0441
2024-08,41135,0.5087,0.332,0.1029,0.0563
2024-09,41135,0.4826,0.3202,0.1485,0.0487
2024-10,41135,0.4467,0.3821,0.129,0.0422
2024-11,41135,0.5374,0.3167,0.1139,0.032
2024-12,41135,0.4631,0.3591,0.1242,0.0537
2025-01,41135,0.4862,0.3281,0.1146,0.0711
2025-02,41135,0.5291,0.2849,0.1424,0.0436
2025-03,41135,0.5332,0.3032,0.1263,0.0372
2025-04,41135,0.5726,0.2789,0.1106,0.038
2025-05,41135,0.5019,0.3346,0.1175,0.046
2025-06,41135,0.5067,0.3119,0.1263,0.055
2025-07,41135,0.4714,0.339,0.1312,0.0584
2025-08,41135,0.4195,0.3389,0.1711,0.0705
2025-09,41135,0.4637,0.3461,0.1436,0.0465
2025-10,41135,0.4382,0.3621,0.1366,0.0631
2025-11,41135,0.3871,0.3343,0.2199,0.0587
2025-12,41135,0.4766,0.3489,0.1234,0.0511
2026-01,41135,0.5191,0.3038,0.1388,0.0382
2026-02,41135,0.503,0.3204,0.1467,0.0299
2026-03,41135,0.48,0.3012,0.1718,0.0471
2026-04,41135,0.4516,0.3333,0.172,0.043
2026-05,41135,0.5077,0.3111,0.1465,0.0347
2026-06,41135,0.535,0.2927,0.1333,0.039
2026-07,41135,0.4212,0.3752,0.1737,0.0299
2026-08,41135,0.3884,0.4116,0.1652,0.0348
2023-01,41150,0.5217,0.1793,0.2391,0.0598
2023-02,41150,0.5519,0.1832,0.2119,0.053
2023-03,41150,0.5527,0.1414,0.2622,0.0437
2023-04,41150,0.5291,0.169,0.2604,0.0416
2023-05,41150,0.5741,0.1536,0.2318,0.0404
2023-06,41150,0.5975,0.1725,0.1775,0.0525
2023-07,41150,0.4442,0.0917,0.4263,0.0378
2023-08,41150,0.5491,0.1562,0.2478,0.0469
2023-09,41150,0.6005,0.137,0.2283,0.0342
2023-10,41150,0.5758,0.1657,0.2219,0.0365
2023-11,41150,0.6047,0.1395,0.2027,0.0532
2023-12,41150,0.6215,0.1582,0.1808,0.0395
2024-01,41150,0.7517,0.1291,0.1082,0.011
2024-02,41150,0.5909,0.168,0.1957,0.0455
2024-03,41150,0.5755,0.1586,0.2281,0.0378
2024-04,41150,0.514,0.269,0.1817,0.0353
2024-05,41150,0.5709,0.1751,0.2084,0.0455
2024-06,41150,0.6517,0.1589,0.164,0.0254
2024-07,41150,0.5524,0.1746,0.2357,0.0374
2024-08,41150,0.5574,0.1387,0.2521,0.0518
2024-09,41150,0.6165,0.1278,0.2392,0.0165
2024-10,41150,0.6008,0.1185,0.2432,0.0374
2024-11,41150,0.5698,0.1759,0.2103,0.044
2024-12,41150,0.6262,0.1238,0.2,0.05
2025-01,41150,0.6637,0.1021,0.1832,0.0511
2025-02,41150,0.6125,0.1521,0.1896,0.0458
2025-03,41150,0.6106,0.1739,0.1954,0.0201
2025-04,41150,0.6806,0.1164,0.1806,0.0224
2025-05,41150,0.6138,0.1418,0.1996,0.0448
2025-06,41150,0.6326,0.1441,0.183,0.0403
2025-07,41150,0.6431,0.1185,0.2031,0.0354
2025-08,41150,0.6522,0.1153,0.2079,0.0246
2025-09,41150,0.6486,0.1293,0.1945,0.0276
2025-10,41150,0.611,0.1528,0.2092,0.027
2025-11,41150,0.5988,0.1356,0.2222,0.0433
2025-12,41150,0.5157,0.185,0.2522,0.0471
2026-01,41150,0.5073,0.1963,0.272,0.0244
2026-02,41150,0.5089,0.2165,0.2392,0.0354
2026-03,41150,0.5803,0.1424,0.2409,0.0364
2026-04,41150,0.5372,0.1506,0.2742,0.038
2026-05,41150,0.5938,0.134,0.2319,0.0402
2026-06,41150,0.5759,0.1316,0.2532,0.0392
2026-07,41150,0.5501,0.1214,0.3008,0.0277
2026-08,41150,0.4991,0.1558,0.3097,0.0354
2023-01,41171,0.6,0.25,0.1,0.05
2023-02,41171,0.5745,0.266,0.0745,0.0851
2023-03,41171,0.5455,0.2797,0.1469,0.028
2023-04,41171,0.4579,0.2897,0.1869,0.0654
2023-05,41171,0.4833,0.2917,0.175,0.05
2023-06,41171,0.4513,0.4221,0.0649,0.0617
2023-07,41171,0.4655,0.3276,0.1178,0.0891
2023-08,41171,0.4843,0.2642,0.2075,0.044
2023-09,41171,0.5369,0.255,0.1544,0.0537
2023-10,41171,0.625,0.2303,0.0789,0.0658
2023-11,41171,0.3663,0.4158,0.1881,0.0297
2023-12,41171,0.4549,0.3216,0.1922,0.0314
2024-01,41171,0.5618,0.2472,0.1461,0.0449
2024-02,41171,0.4492,0.2627,0.2119,0.0763
2024-03,41171,0.463,0.2716,0.2284,0.037
2024-04,41171,0.4625,0.3063,0.1812,0.05
2024-05,41171,0.2356,0.3716,0.139,0.2538
2024-06,41171,0.3804,0.3252,0.1963,0.0982
2024-07,41171,0.3941,0.3432,0.2034,0.0593
2024-08,41171,0.4186,0.3455,0.1761,0.0598
2024-09,41171,0.4624,0.2688,0.2097,0.0591
2024-10,41171,0.4039,0.3547,0.1872,0.0542
2024-11,41171,0.3944,0.3444,0.1722,0.0889
2024-12,41171,0.4748,0.3165,0.1367,0.0719
2025-01,41171,0.4354,0.3537,0.1701,0.0408
2025-02,41171,0.4802,0.3366,0.1584,0.0248
2025-03,41171,0.5793,0.2638,0.081,0.0759
2025-04,41171,0.5957,0.2574,0.0776,0.0693
2025-05,41171,0.5167,0.2556,0.1389,0.0889
2025-06,41171,0.4306,0.2882,0.1979,0.0833
2025-07,41171,0.4652,0.287,0.1957,0.0522
2025-08,41171,0.4293,0.3246,0.2042,0.0419
2025-09,41171,0.4085,0.384,0.1174,0.0901
2025-10,41171,0.3723,0.359,0.1676,0.1011
2025-11,41171,0.3922,0.3293,0.2066,0.0719
2025-12,41171,0.4219,0.3281,0.1435,0.1065
2026-01,41171,0.3042,0.4642,0.1927,0.0388
2026-02,41171,0.3684,0.3947,0.1737,0.0632
2026-03,41171,0.3039,0.4128,0.247,0.0363
2026-04,41171,0.289,0.3617,0.2682,0.0811
2026-05,41171,0.3483,0.3747,0.19,0.0871
2026-06,41171,0.3311,0.4096,0.1843,0.0751
2026-07,41171,0.3667,0.3643,0.2024,0.0667
2026-08,41171,0.3333,0.3603,0.2054,0.101
2023-01,41173,0.4,0.313,0.1652,0.1217
2023-02,41173,0.4601,0.362,0.0798,0.0982
2023-03,41173,0.4055,0.4192,0.0959,0.0795
2023-04,41173,0.3062,0.329,0.319,0.0458
2023-05,41173,0.4265,0.3971,0.0956,0.0809
2023-06,41173,0.4253,0.42,0.0896,0.065
2023-07,41173,0.3491,0.5171,0.0761,0.0577
2023-08,41173,0.4397,0.3887,0.1099,0.0617
2023-09,41173,0.4255,0.3686,0.1518,0.0542
2023-10,41173,0.4259,0.3954,0.1141,0.0646
2023-11,41173,0.5533,0.2893,0.099,0.0584
2023-12,41173,0.4722,0.3167,0.1056,0.1056
2024-01,41173,0.3912,0.367,0.1934,0.0484
2024-02,41173,0.444,0.3582,0.1642,0.0336
2024-03,41173,0.4273,0.3561,0.1721,0.0445
2024-04,41173,0.4703,0.3488,0.1059,0.0749
2024-05,41173,0.3695,0.4199,0.1589,0.0517
2024-06,41173,0.5392,0.3246,0.088,0.0481
2024-07,41173,0.4238,0.3756,0.1413,0.0594
2024-08,41173,0.4034,0.3827,0.1443,0.0696
2024-09,41173,0.4481,0.3514,0.1462,0.0542
2024-10,41173,0.4709,0.3763,0.0795,0.0734
2024-11,41173,0.4954,0.3191,0.1246,0.0608
2024-12,41173,0.498,0.3399,0.1087,0.0534
2025-01,41173,0.5517,0.3498,0.0778,0.0207
2025-02,41173,0.4154,0.3824,0.1407,0.0615
2025-03,41173,0.4638,0.3684,0.1162,0.0515
2025-04,41173,0.4465,0.3695,0.1373,0.0468
2025-05,41173,0.4547,0.3469,0.15,0.0484
2025-06,41173,0.4477,0.3661,0.1328,0.0533
2025-07,41173,0.4629,0.3516,0.1187,0.0668
2025-08,41173,0.2505,0.2147,0.4953,0.0395
2025-09,41173,0.4249,0.3713,0.1485,0.0553
2025-10,41173,0.4516,0.3416,0.1319,0.075
2025-11,41173,0.4185,0.3921,0.141,0.0485
2025-12,41173,0.404,0.4237,0.1328,0.0395
2026-01,41173,0.4319,0.3436,0.1785,0.0461
2026-02,41173,0.3591,0.4116,0.1685,0.0608
2026-03,41173,0.3973,0.3896,0.1781,0.035
2026-04,41173,0.3478,0.3782,0.2228,0.0513
2026-05,41173,0.3412,0.3969,0.2187,0.0432
2026-06,41173,0.3928,0.3381,0.2288,0.0403
2026-07,41173,0.3259,0.404,0.2254,0.0446
2026-08,41173,0.441,0.3403,0.1944,0.0243
2023-01,41190,0.4667,0.2524,0.1548,0.1262
2023-02,41190,0.5935,0.1168,0.1846,0.1051
2023-03,41190,0.5989,0.1053,0.1906,0.1053
2023-04,41190,0.566,0.1132,0.1572,0.1635
2023-05,41190,0.5544,0.2211,0.138,0.0864
2023-06,41190,0.5557,0.1185,0.2178,0.108
2023-07,41190,0.5781,0.1023,0.2065,0.1131
2023-08,41190,0.6013,0.1061,0.1415,0.1511
2023-09,41190,0.633,0.0856,0.1697,0.1116
2023-10,41190,0.6062,0.0942,0.2072,0.0925
2023-11,41190,0.6846,0.0909,0.1466,0.0779
2023-12,41190,0.6509,0.1102,0.1627,0.0761
2024-01,41190,0.494,0.2609,0.0895,0.1556
2024-02,41190,0.5252,0.2033,0.1766,0.095
2024-03,41190,0.4737,0.2797,0.1473,0.0993
2024-04,41190,0.442,0.2732,0.1087,0.1761
2024-05,41190,0.4315,0.1956,0.1711,0.2017
2024-06,41190,0.4541,0.2933,0.1518,0.1008
2024-07,41190,0.3661,0.2724,0.2173,0.1442
2024-08,41190,0.4388,0.24,0.1941,0.1272
2024-09,41190,0.4704,0.2278,0.1968,0.1051
2024-10,41190,0.5138,0.1633,0.2037,0.1193
2024-11,41190,0.3929,0.3199,0.2009,0.0863
2024-12,41190,0.5401,0.1745,0.1627,0.1226
2025-01,41190,0.489,0.1896,0.206,0.1154
2025-02,41190,0.5527,0.165,0.159,0.1233
2025-03,41190,0.5331,0.1904,0.165,0.1114
2025-04,41190,0.5116,0.1696,0.1725,0.1464
2025-05,41190,0.5373,0.2166,0.1547,0.0914
2025-06,41190,0.5085,0.1977,0.1896,0.1042
2025-07,41190,0.4633,0.2056,0.222,0.1091
2025-08,41190,0.5203,0.1882,0.1569,0.1346
2025-09,41190,0.3341,0.3665,0.2139,0.0855
2025-10,41190,0.2159,0.4879,0.2099,0.0863
2025-11,41190,0.4366,0.2509,0.1949,0.1176
2025-12,41190,0.4782,0.219,0.1665,0.1363
2026-01,41190,0.4707,0.1944,0.2143,0.1206
2026-02,41190,0.512,0.1587,0.2067,0.1226
2026-03,41190,0.507,0.1658,0.2045,0.1227
2026-04,41190,0.495,0.2183,0.2095,0.0772
2026-05,41190,0.4687,0.1987,0.2162,0.1164
2026-06,41190,0.3925,0.2924,0.2196,0.0955
2026-07,41190,0.408,0.2323,0.2381,0.1216
2026-08,41190,0.3649,0.2639,0.224,0.1472
2023-01,41210,0.5048,0.219,0.1905,0.0857
2023-02,41210,0.5144,0.1743,0.2449,0.0664
2023-03,41210,0.2842,0.3122,0.2749,0.1286
2023-04,41210,0.3141,0.25,0.3013,0.1346
2023-05,41210,0.3897,0.2017,0.3083,0.1003
2023-06,41210,0.3075,0.2144,0.4408,0.0373
2023-07,41210,0.4355,0.1948,0.298,0.0716
2023-08,41210,0.2754,0.2647,0.3047,0.1552
2023-09,41210,0.4444,0.2159,0.2762,0.0635
2023-10,41210,0.4464,0.2071,0.2988,0.0476
2023-11,41210,0.3832,0.2401,0.3273,0.0493
2023-12,41210,0.4737,0.1754,0.2588,0.0921
2024-01,41210,0.4206,0.2118,0.3011,0.0666
2024-02,41210,0.2787,0.3047,0.3415,0.075
2024-03,41210,0.2449,0.1646,0.5309,0.0597
2024-04,41210,0.3617,0.2459,0.3121,0.0804
2024-05,41210,0.3601,0.2592,0.305,0.0757
2024-06,41210,0.3958,0.2303,0.2694,0.1045
2024-07,41210,0.3876,0.2064,0.3004,0.1056
2024-08,41210,0.3582,0.2388,0.2836,0.1194
2024-09,41210,0.294,0.2662,0.3356,0.1042
2024-10,41210,0.3146,0.2725,0.3062,0.1067
2024-11,41210,0.3773,0.2436,0.2604,0.1187
2024-12,41210,0.3493,0.2633,0.2534,0.1339
2025-01,41210,0.3048,0.254,0.3143,0.127
2025-02,41210,0.3426,0.213,0.3426,0.1019
2025-03,41210,0.3511,0.2579,0.2779,0.1131
2025-04,41210,0.3633,0.2061,0.3408,0.0898
2025-05,41210,0.3906,0.2188,0.3047,0.0859
2025-06,41210,0.3134,0.2388,0.3507,0.097
2025-07,41210,0.3702,0.2117,0.2896,0.1284
2025-08,41210,0.4618,0.2129,0.2145,0.1109
2025-09,41210,0.3206,0.2471,0.3191,0.1132
2025-10,41210,0.3179,0.2321,0.329,0.1211
2025-11,41210,0.2961,0.2346,0.3212,0.1481
2025-12,41210,0.4107,0.2213,0.2462,0.1219
2026-01,41210,0.3159,0.2214,0.398,0.0647
2026-02,41210,0.5356,0.1602,0.2492,0.055
2026-03,41210,0.5359,0.145,0.2901,0.029
2026-04,41210,0.4187,0.157,0.372,0.0523
2026-05,41210,0.4053,0.1852,0.3498,0.0597
2026-06,41210,0.3242,0.2195,0.3013,0.1549
2026-07,41210,0.3747,0.1715,0.3799,0.0739
2026-08,41210,0.3868,0.1687,0.3745,0.07
2023-01,41220,0.6272,0.2007,0.0463,0.1258
2023-02,41220,0.5667,0.2333,0.0532,0.1468
2023-03,41220,0.5616,0.2347,0.072,0.1317
2023-04,41220,0.5573,0.2261,0.0764,0.1401
2023-05,41220,0.4656,0.3352,0.0708,0.1284
2023-06,41220,0.4894,0.2851,0.0697,0.1558
2023-07,41220,0.5307,0.2551,0.0694,0.1447
2023-08,41220,0.5117,0.2567,0.0652,0.1665
2023-09,41220,0.5757,0.2222,0.0489,0.1531
2023-10,41220,0.4525,0.2778,0.0615,0.2081
2023-11,41220,0.4674,0.3095,0.0726,0.1505
2023-12,41220,0.3886,0.3326,0.0735,0.2054
2024-01,41220,0.5142,0.2979,0.0473,0.1407
2024-02,41220,0.4892,0.2917,0.0544,0.1647
2024-03,41220,0.5068,0.2806,0.0479,0.1647
2024-04,41220,0.5666,0.2552,0.0698,0.1083
2024-05,41220,0.5057,0.2817,0.0667,0.1459
2024-06,41220,0.5472,0.2531,0.0775,0.1222
2024-07,41220,0.5558,0.2184,0.0603,0.1655
2024-08,41220,0.6112,0.2081,0.0473,0.1334
2024-09,41220,0.4901,0.3225,0.0514,0.136
2024-10,41220,0.5325,0.2713,0.0587,0.1375
2024-11,41220,0.3754,0.3852,0.1266,0.1127
2024-12,41220,0.5743,0.2376,0.0455,0.1426
2025-01,41220,0.6051,0.2143,0.0519,0.1286
2025-02,41220,0.5854,0.2468,0.0395,0.1283
2025-03,41220,0.5975,0.2155,0.0474,0.1397
2025-04,41220,0.5286,0.2535,0.0649,0.1529
2025-05,41220,0.4958,0.2772,0.0764,0.1506
2025-06,41220,0.5458,0.2534,0.0599,0.1408
2025-07,41220,0.5372,0.2418,0.0691,0.152
2025-08,41220,0.4663,0.2741,0.077,0.1825
2025-09,41220,0.4441,0.3227,0.0753,0.1579
2025-10,41220,0.494,0.245,0.0742,0.1868
2025-11,41220,0.4746,0.2862,0.0605,0.1788
2025-12,41220,0.4916,0.2713,0.0559,0.1812
2026-01,41220,0.4758,0.2758,0.0788,0.1695
2026-02,41220,0.4703,0.293,0.0729,0.1638
2026-03,41220,0.5429,0.2352,0.0966,0.1252
2026-04,41220,0.4811,0.2553,0.1007,0.1629
2026-05,41220,0.4924,0.2785,0.0647,0.1644
2026-06,41220,0.5215,0.2823,0.0489,0.1473
2026-07,41220,0.5564,0.2446,0.05,0.149
2026-08,41220,0.4575,0.2961,0.0716,0.1747
2023-01,41250,0.5227,0.2727,0.1136,0.0909
2023-02,41250,0.6351,0.1622,0.1081,0.0946
2023-03,41250,0.5385,0.2692,0.1154,0.0769
2023-04,41250,0.6456,0.1519,0.1646,0.038
2023-05,41250,0.48,0.2933,0.1867,0.04
2023-06,41250,0.5769,0.1667,0.1538,0.1026
2023-07,41250,0.5977,0.1724,0.1609,0.069
2023-08,41250,0.5263,0.2632,0.1447,0.0658
2023-09,41250,0.6264,0.2088,0.0769,0.0879
2023-10,41250,0.5658,0.1974,0.1711,0.0658
2023-11,41250,0.5972,0.2778,0.0833,0.0417
2023-12,41250,0.6364,0.1515,0.1364,0.0758
2024-01,41250,0.6292,0.1461,0.1798,0.0449
2024-02,41250,0.6452,0.1935,0.0968,0.0645
2024-03,41250,0.6306,0.1802,0.0901,0.0991
2024-04,41250,0.5977,0.2069,0.092,0.1034
2024-05,41250,0.568,0.216,0.168,0.048
2024-06,41250,0.5,0.1875,0.1625,0.15
2024-07,41250,0.5213,0.2766,0.1064,0.0957
2024-08,41250,0.5303,0.2121,0.197,0.0606
2024-09,41250,0.5604,0.1758,0.1209,0.1429
2024-10,41250,0.5443,0.1519,0.2152,0.0886
2024-11,41250,0.4853,0.2647,0.1765,0.0735
2024-12,41250,0.5246,0.3115,0.1311,0.0328
2025-01,41250,0.6154,0.2115,0.1154,0.0577
2025-02,41250,0.5974,0.1948,0.1429,0.0649
2025-03,41250,0.5702,0.2807,0.0789,0.0702
2025-04,41250,0.5914,0.2581,0.0968,0.0538
2025-05,41250,0.6163,0.2209,0.1047,0.0581
2025-06,41250,0.5833,0.2222,0.1481,0.0463
2025-07,41250,0.5325,0.2338,0.1429,0.0909
2025-08,41250,0.36,0.4,0.14,0.1
2025-09,41250,0.5634,0.2535,0.1549,0.0282
2025-10,41250,0.4925,0.2836,0.1791,0.0448
2025-11,41250,0.5556,0.2323,0.1818,0.0303
2025-12,41250,0.4267,0.3467,0.1333,0.0933
2026-01,41250,0.4943,0.2989,0.1149,0.092
2026-02,41250,0.5484,0.1935,0.1452,0.1129
2026-03,41250,0.7099,0.1358,0.0926,0.0617
2026-04,41250,0.4706,0.3529,0.1373,0.0392
2026-05,41250,0.6761,0.1831,0.0986,0.0423
2026-06,41250,0.5941,0.2376,0.0792,0.0891
2026-07,41250,0.5545,0.2545,0.1455,0.0455
2026-08,41250,0.5465,0.2442,0.1744,0.0349
2023-01,41271,0.4831,0.3764,0.0843,0.0562
2023-02,41271,0.6374,0.2857,0.033,0.044
2023-03,41271,0.68,0.2333,0.0333,0.0533
2023-04,41271,0.5294,0.3382,0.0588,0.0735
2023-05,41271,0.6239,0.2393,0.0256,0.1111
2023-06,41271,0.5954,0.289,0.0636,0.052
2023-07,41271,0.5984,0.2377,0.1311,0.0328
2023-08,41271,0.5724,0.3379,0.0414,0.0483
2023-09,41271,0.6312,0.2625,0.0563,0.05
2023-10,41271,0.6016,0.3281,0.0391,0.0312
2023-11,41271,0.6848,0.25,0.0326,0.0326
2023-12,41271,0.7407,0.2346,0.0123,0.0123
2024-01,41271,0.6391,0.2331,0.0677,0.0602
2024-02,41271,0.6031,0.313,0.0382,0.0458
2024-03,41271,0.6646,0.2866,0.0244,0.0244
2024-04,41271,0.6121,0.2727,0.0545,0.0606
2024-05,41271,0.6812,0.2174,0.058,0.0435
2024-06,41271,0.6587,0.2455,0.0539,0.0419
2024-07,41271,0.6359,0.288,0.0543,0.0217
2024-08,41271,0.6,0.2812,0.0625,0.0563
2024-09,41271,0.6032,0.3254,0.0317,0.0397
2024-10,41271,0.6174,0.3221,0.0201,0.0403
2024-11,41271,0.6132,0.2736,0.0566,0.0566
2024-12,41271,0.6387,0.2353,0.0672,0.0588
2025-01,41271,0.6466,0.2759,0.0603,0.0172
2025-02,41271,0.6529,0.2231,0.0496,0.0744
2025-03,41271,0.5479,0.3425,0.0685,0.0411
2025-04,41271,0.522,0.3082,0.1132,0.0566
2025-05,41271,0.4833,0.4222,0.0556,0.0389
2025-06,41271,0.6165,0.3058,0.0583,0.0194
2025-07,41271,0.6296,0.2901,0.0309,0.0494
2025-08,41271,0.5957,0.266,0.0745,0.0638
2025-09,41271,0.5703,0.2812,0.0781,0.0703
2025-10,41271,0.6136,0.3258,0.0227,0.0379
2025-11,41271,0.5663,0.3313,0.0843,0.0181
2025-12,41271,0.5694,0.3472,0.0463,0.037
2026-01,41271,0.5683,0.2842,0.1093,0.0383
2026-02,41271,0.6325,0.2771,0.0361,0.0542
2026-03,41271,0.5897,0.2692,0.0598,0.0812
2026-04,41271,0.6,0.3024,0.0488,0.0488
2026-05,41271,0.6221,0.2965,0.064,0.0174
2026-06,41271,0.5676,0.3243,0.0432,0.0649
2026-07,41271,0.4898,0.3946,0.0612,0.0544
2026-08,41271,0.5492,0.3115,0.0656,0.0738
2023-01,41273,0.6146,0.3229,0.0521,0.0104
2023-02,41273,0.5854,0.3455,0.0325,0.0366
2023-03,41273,0.5141,0.3979,0.0282,0.0599
2023-04,41273,0.6015,0.2989,0.0554,0.0443
2023-05,41273,0.5833,0.3,0.0633,0.0533
2023-06,41273,0.5966,0.3276,0.0345,0.0414
2023-07,41273,0.5947,0.309,0.0598,0.0365
2023-08,41273,0.5418,0.3273,0.0655,0.0655
2023-09,41273,0.5676,0.3089,0.0695,0.0541
2023-10,41273,0.5677,0.3057,0.048,0.0786
2023-11,41273,0.6392,0.2658,0.0443,0.0506
2023-12,41273,0.5787,0.3241,0.0463,0.0509
2024-01,41273,0.5759,0.355,0.0341,0.0351
2024-02,41273,0.4818,0.417,0.0688,0.0324
2024-03,41273,0.6341,0.3079,0.0335,0.0244
2024-04,41273,0.5385,0.4103,0.0363,0.015
2024-05,41273,0.614,0.3158,0.0421,0.0281
2024-06,41273,0.5548,0.3333,0.0409,0.071
2024-07,41273,0.5372,0.3455,0.0504,0.0668
2024-08,41273,0.6165,0.292,0.0324,0.059
2024-09,41273,0.6456,0.2743,0.0211,0.0591
2024-10,41273,0.6296,0.2716,0.0288,0.07
2024-11,41273,0.6628,0.2907,0.0233,0.0233
2024-12,41273,0.6688,0.2468,0.039,0.0455
2025-01,41273,0.5946,0.2973,0.027,0.0811
2025-02,41273,0.6131,0.2764,0.0452,0.0653
2025-03,41273,0.6259,0.2891,0.0374,0.0476
2025-04,41273,0.6237,0.2939,0.0358,0.0466
2025-05,41273,0.636,0.2803,0.0293,0.0544
2025-06,41273,0.589,0.3185,0.0308,0.0616
2025-07,41273,0.6382,0.3049,0.0163,0.0407
2025-08,41273,0.6532,0.2486,0.0347,0.0636
2025-09,41273,0.5728,0.2961,0.0485,0.0825
2025-10,41273,0.5725,0.3216,0.0353,0.0706
2025-11,41273,0.6584,0.2313,0.0498,0.0605
2025-12,41273,0.5749,0.3158,0.0486,0.0607
2026-01,41273,0.6197,0.2991,0.0427,0.0385
2026-02,41273,0.6053,0.3045,0.0301,0.0602
2026-03,41273,0.604,0.3468,0.0289,0.0202
2026-04,41273,0.6013,0.3039,0.0425,0.0523
2026-05,41273,0.59,0.3186,0.0531,0.0383
2026-06,41273,0.5642,0.3176,0.0574,0.0608
2026-07,41273,0.594,0.302,0.047,0.057
2026-08,41273,0.6036,0.3063,0.036,0.0541
2023-01,41281,0.5168,0.1678,0.2617,0.0537
2023-02,41281,0.5,0.1769,0.2769,0.0462
2023-03,41281,0.4805,0.1772,0.2913,0.0511
2023-04,41281,0.4749,0.177,0.2743,0.0737
2023-05,41281,0.531,0.1698,0.2426,0.0566
2023-06,41281,0.5687,0.1445,0.2322,0.0545
2023-07,41281,0.5356,0.1889,0.2043,0.0712
2023-08,41281,0.5264,0.1612,0.262,0.0504
2023-09,41281,0.562,0.1212,0.2645,0.0523
2023-10,41281,0.5244,0.1726,0.2443,0.0586
2023-11,41281,0.589,0.1441,0.1949,0.072
2023-12,41281,0.5524,0.1524,0.2381,0.0571
2024-01,41281,0.6049,0.1154,0.2238,0.0559
2024-02,41281,0.4515,0.1163,0.1773,0.2548
2024-03,41281,0.5928,0.1433,0.2313,0.0326
2024-04,41281,0.5729,0.1326,0.2467,0.0477
2024-05,41281,0.5207,0.1716,0.2692,0.0385
2024-06,41281,0.377,0.3932,0.1921,0.0377
2024-07,41281,0.5928,0.1468,0.223,0.0374
2024-08,41281,0.5034,0.1512,0.2935,0.0519
2024-09,41281,0.527,0.2031,0.2211,0.0488
2024-10,41281,0.592,0.1442,0.2086,0.0552
2024-11,41281,0.5472,0.1336,0.2704,0.0489
2024-12,41281,0.5591,0.1505,0.233,0.0573
2025-01,41281,0.3694,0.1082,0.4697,0.0528
2025-02,41281,0.4021,0.2585,0.2443,0.0951
2025-03,41281,0.5415,0.1475,0.2719,0.0392
2025-04,41281,0.5599,0.1307,0.2571,0.0523
2025-05,41281,0.4372,0.2982,0.235,0.0297
2025-06,41281,0.4425,0.2533,0.2779,0.0262
2025-07,41281,0.4707,0.1824,0.2915,0.0554
2025-08,41281,0.5216,0.1529,0.2824,0.0431
2025-09,41281,0.4837,0.1829,0.2825,0.0508
2025-10,41281,0.4786,0.176,0.3109,0.0345
2025-11,41281,0.4691,0.1693,0.2857,0.0758
2025-12,41281,0.5088,0.2083,0.2377,0.0452
2026-01,41281,0.4853,0.1618,0.2941,0.0588
2026-02,41281,0.5367,0.1041,0.2918,0.0673
2026-03,41281,0.5671,0.1204,0.2652,0.0473
2026-04,41281,0.5205,0.1519,0.2833,0.0444
2026-05,41281,0.4901,0.1365,0.3191,0.0543
2026-06,41281,0.5028,0.1439,0.3003,0.0531
2026-07,41281,0.5325,0.1426,0.2789,0.046
2026-08,41281,0.4069,0.233,0.3245,0.0356
2023-01,41285,0.4308,0.3077,0.2,0.0615
2023-02,41285,0.4783,0.323,0.118,0.0807
2023-03,41285,0.415,0.2789,0.2109,0.0952
2023-04,41285,0.2941,0.4622,0.1832,0.0605
2023-05,41285,0.4785,0.2344,0.1675,0.1196
2023-06,41285,0.2606,0.4673,0.192,0.08
2023-07,41285,0.4839,0.3656,0.0968,0.0538
2023-08,41285,0.4774,0.3618,0.1055,0.0553
2023-09,41285,0.4916,0.2235,0.2458,0.0391
2023-10,41285,0.4213,0.3708,0.1348,0.073
2023-11,41285,0.4313,0.3375,0.175,0.0563
2023-12,41285,0.3165,0.6079,0.0612,0.0144
2024-01,41285,0.3324,0.5788,0.0745,0.0143
2024-02,41285,0.244,0.5837,0.1278,0.0444
2024-03,41285,0.2998,0.5137,0.1463,0.0402
2024-04,41285,0.4978,0.3144,0.1179,0.0699
2024-05,41285,0.5234,0.3125,0.1211,0.043
2024-06,41285,0.4625,0.2917,0.175,0.0708
2024-07,41285,0.4277,0.3666,0.1318,0.074
2024-08,41285,0.3221,0.5175,0.1298,0.0306
2024-09,41285,0.2618,0.5456,0.1647,0.0279
2024-10,41285,0.3661,0.4489,0.1195,0.0655
2024-11,41285,0.3908,0.4331,0.1021,0.0739
2024-12,41285,0.3196,0.4901,0.142,0.0483
2025-01,41285,0.3913,0.4541,0.1208,0.0338
2025-02,41285,0.3768,0.4312,0.1304,0.0616
2025-03,41285,0.3986,0.3566,0.1748,0.0699
2025-04,41285,0.5371,0.2445,0.1528,0.0655
2025-05,41285,0.5346,0.2857,0.1382,0.0415
2025-06,41285,0.5085,0.312,0.1239,0.0556
2025-07,41285,0.3478,0.4517,0.1544,0.0462
2025-08,41285,0.5263,0.25,0.1711,0.0526
2025-09,41285,0.3479,0.4003,0.1696,0.0822
2025-10,41285,0.3393,0.4306,0.1944,0.0357
2025-11,41285,0.2693,0.5136,0.1889,0.0282
2025-12,41285,0.4566,0.3509,0.1434,0.0491
2026-01,41285,0.4459,0.3247,0.1602,0.0693
2026-02,41285,0.4667,0.28,0.1822,0.0711
2026-03,41285,0.4655,0.2845,0.194,0.056
2026-04,41285,0.4977,0.2949,0.1705,0.0369
2026-05,41285,0.3489,0.4607,0.1474,0.043
2026-06,41285,0.4452,0.3074,0.1555,0.0919
2026-07,41285,0.368,0.3234,0.2602,0.0483
2026-08,41285,0.4366,0.2958,0.2254,0.0423
2023-01,41287,0.4574,0.266,0.1489,0.1277
2023-02,41287,0.44,0.3,0.2,0.06
2023-03,41287,0.4796,0.3163,0.1173,0.0867
2023-04,41287,0.5662,0.2374,0.1461,0.0502
2023-05,41287,0.4885,0.2949,0.1336,0.0829
2023-06,41287,0.4539,0.3542,0.1402,0.0517
2023-07,41287,0.5174,0.2857,0.1313,0.0656
2023-08,41287,0.5145,0.2826,0.1341,0.0688
2023-09,41287,0.5085,0.2712,0.1695,0.0508
2023-10,41287,0.5261,0.3043,0.113,0.0565
2023-11,41287,0.5149,0.3069,0.1188,0.0594
2023-12,41287,0.5086,0.3086,0.1314,0.0514
2024-01,41287,0.4929,0.2607,0.1469,0.0995
2024-02,41287,0.4608,0.3226,0.1751,0.0415
2024-03,41287,0.3867,0.33,0.2118,0.0714
2024-04,41287,0.4304,0.319,0.1797,0.0709
2024-05,41287,0.5222,0.2407,0.1889,0.0481
2024-06,41287,0.5427,0.2457,0.1536,0.058
2024-07,41287,0.4879,0.2646,0.1845,0.0631
2024-08,41287,0.4833,0.3009,0.1489,0.0669
2024-09,41287,0.5251,0.2664,0.1429,0.0656
2024-10,41287,0.4589,0.3188,0.1787,0.0435
2024-11,41287,0.4933,0.28,0.1689,0.0578
2024-12,41287,0.5163,0.2717,0.1522,0.0598
2025-01,41287,0.4774,0.2903,0.1484,0.0839
2025-02,41287,0.4709,0.287,0.1928,0.0493
2025-03,41287,0.5385,0.2809,0.1338,0.0468
2025-04,41287,0.5689,0.2551,0.1056,0.0704
2025-05,41287,0.5307,0.2852,0.1264,0.0578
2025-06,41287,0.5369,0.2443,0.1449,0.0739
2025-07,41287,0.5515,0.239,0.1544,0.0551
2025-08,41287,0.5329,0.2455,0.1677,0.0539
2025-09,41287,0.5039,0.2874,0.126,0.0827
2025-10,41287,0.5312,0.2411,0.1607,0.067
2025-11,41287,0.5238,0.254,0.1619,0.0603
2025-12,41287,0.4767,0.2558,0.1705,0.0969
2026-01,41287,0.4751,0.272,0.1801,0.0728
2026-02,41287,0.4678,0.2876,0.176,0.0687
2026-03,41287,0.4281,0.3043,0.2007,0.0669
2026-04,41287,0.4454,0.3017,0.2011,0.0517
2026-05,41287,0.484,0.2949,0.1635,0.0577
2026-06,41287,0.4611,0.2806,0.1833,0.075
2026-07,41287,0.4321,0.3143,0.1893,0.0643
2026-08,41287,0.4,0.3136,0.2,0.0864
2023-01,41290,0.4118,0.3333,0.1765,0.0784
2023-02,41290,0.4493,0.3333,0.1884,0.029
2023-03,41290,0.4384,0.274,0.1918,0.0959
2023-04,41290,0.4583,0.25,0.2361,0.0556
2023-05,41290,0.4167,0.3333,0.1389,0.1111
2023-06,41290,0.505,0.3069,0.0891,0.099
2023-07,41290,0.3412,0.3059,0.2824,0.0706
2023-08,41290,0.4493,0.3478,0.1739,0.029
2023-09,41290,0.3824,0.4118,0.1912,0.0147
2023-10,41290,0.463,0.4074,0.1296,0.0
2023-11,41290,0.3667,0.4,0.2,0.0333
2023-12,41290,0.3333,0.4,0.1667,0.1
2024-01,41290,0.5306,0.3061,0.102,0.0612
2024-02,41290,0.45,0.3333,0.1667,0.05
2024-03,41290,0.3864,0.3295,0.2159,0.0682
2024-04,41290,0.4048,0.3095,0.2262,0.0595
2024-05,41290,0.4348,0.2935,0.1739,0.0978
2024-06,41290,0.4342,0.3355,0.1711,0.0592
2024-07,41290,0.3943,0.3543,0.2229,0.0286
2024-08,41290,0.3624,0.3547,0.2637,0.0192
2024-09,41290,0.3306,0.403,0.164,0.1024
2024-10,41290,0.5694,0.2639,0.0972,0.0694
2024-11,41290,0.6129,0.1956,0.1653,0.0262
2024-12,41290,0.6098,0.2683,0.122,0.0
2025-01,41290,0.3409,0.3864,0.1136,0.1591
2025-02,41290,0.6878,0.1584,0.1312,0.0226
2025-03,41290,0.5381,0.2601,0.1659,0.0359
2025-04,41290,0.5104,0.2604,0.1875,0.0417
2025-05,41290,0.4176,0.2637,0.2418,0.0769
2025-06,41290,0.3791,0.3725,0.1895,0.0588
2025-07,41290,0.3906,0.3281,0.2656,0.0156
2025-08,41290,0.2143,0.5,0.2857,0.0
2025-09,41290,0.3585,0.3585,0.2453,0.0377
2025-10,41290,0.5592,0.1952,0.2149,0.0307
2025-11,41290,0.1111,0.4074,0.4815,0.0
2025-12,41290,0.1316,0.3064,0.4568,0.1053
2026-01,41290,0.3145,0.5258,0.1129,0.0468
2026-02,41290,0.1136,0.3864,0.5,0.0
2026-03,41290,0.45,0.25,0.25,0.05
2026-04,41290,0.3409,0.3864,0.2045,0.0682
2026-05,41290,0.4625,0.368,0.1429,0.0266
2026-06,41290,0.532,0.323,0.1105,0.0345
2026-07,41290,0.6508,0.2698,0.0635,0.0159
2026-08,41290,0.5135,0.1441,0.2372,0.1051
2023-01,41310,0.4651,0.186,0.3023,0.0465
2023-02,41310,0.4861,0.1806,0.2778,0.0556
2023-03,41310,0.4651,0.1279,0.3721,0.0349
2023-04,41310,0.7203,0.131,0.1398,0.0089
2023-05,41310,0.4685,0.1351,0.3153,0.0811
2023-06,41310,0.5093,0.2315,0.213,0.0463
2023-07,41310,0.5385,0.1978,0.2198,0.044
2023-08,41310,0.4359,0.1667,0.3205,0.0769
2023-09,41310,0.5849,0.1415,0.2453,0.0283
2023-10,41310,0.4375,0.2375,0.2875,0.0375
2023-11,41310,0.3947,0.2368,0.3421,0.0263
2023-12,41310,0.48,0.1867,0.28,0.0533
2024-01,41310,0.5789,0.2105,0.1711,0.0395
2024-02,41310,0.4854,0.2233,0.2427,0.0485
2024-03,41310,0.4465,0.3262,0.2005,0.0267
2024-04,41310,0.4902,0.2647,0.1901,0.0551
2024-05,41310,0.4834,0.2477,0.2387,0.0302
2024-06,41310,0.575,0.1562,0.2125,0.0563
2024-07,41310,0.4261,0.2,0.3304,0.0435
2024-08,41310,0.5069,0.2212,0.2258,0.0461
2024-09,41310,0.463,0.2083,0.2778,0.0509
2024-10,41310,0.5534,0.1942,0.233,0.0194
2024-11,41310,0.6602,0.1211,0.168,0.0508
2024-12,41310,0.5887,0.2262,0.1671,0.018
2025-01,41310,0.731,0.0819,0.1637,0.0234
2025-02,41310,0.6628,0.1512,0.1802,0.0058
2025-03,41310,0.6268,0.0915,0.2324,0.0493
2025-04,41310,0.72,0.0971,0.1657,0.0171
2025-05,41310,0.7097,0.1263,0.1425,0.0215
2025-06,41310,0.763,0.0606,0.1551,0.0212
2025-07,41310,0.7584,0.0805,0.1454,0.0157
2025-08,41310,0.4051,0.2215,0.3101,0.0633
2025-09,41310,0.4,0.2279,0.3256,0.0465
2025-10,41310,0.3396,0.221,0.3666,0.0728
2025-11,41310,0.284,0.2233,0.4369,0.0558
2025-12,41310,0.2677,0.4339,0.2688,0.0296
2026-01,41310,0.3022,0.309,0.3311,0.0577
2026-02,41310,0.2991,0.2427,0.351,0.1072
2026-03,41310,0.3009,0.25,0.3966,0.0525
2026-04,41310,0.314,0.2452,0.407,0.0338
2026-05,41310,0.3185,0.2711,0.3426,0.0678
2026-06,41310,0.2698,0.2575,0.4039,0.0688
2026-07,41310,0.23,0.2384,0.462,0.0696
2026-08,41310,0.2043,0.2527,0.5108,0.0323
2023-01,41360,0.5438,0.1671,0.2838,0.0053
2023-02,41360,0.6025,0.1259,0.2247,0.0469
2023-03,41360,0.5324,0.1655,0.2118,0.0903
2023-04,41360,0.6597,0.1166,0.1818,0.042
2023-05,41360,0.6135,0.1401,0.2057,0.0408
2023-06,41360,0.5684,0.1845,0.2019,0.0452
2023-07,41360,0.5787,0.1309,0.2331,0.0573
2023-08,41360,0.5817,0.1195,0.2443,0.0545
2023-09,41360,0.5522,0.1588,0.2318,0.0572
2023-10,41360,0.5821,0.166,0.1884,0.0634
2023-11,41360,0.5972,0.1719,0.1997,0.0312
2023-12,41360,0.6235,0.1142,0.1944,0.0679
2024-01,41360,0.6096,0.1422,0.188,0.0602
2024-02,41360,0.5582,0.1616,0.222,0.0582
2024-03,41360,0.602,0.1344,0.2177,0.0459
2024-04,41360,0.5663,0.1544,0.2075,0.0718
2024-05,41360,0.5997,0.1415,0.209,0.0498
2024-06,41360,0.6042,0.1401,0.215,0.0407
2024-07,41360,0.5935,0.1443,0.2136,0.0485
2024-08,41360,0.5919,0.1434,0.2203,0.0443
2024-09,41360,0.513,0.2277,0.2176,0.0418
2024-10,41360,0.544,0.1562,0.2424,0.0575
2024-11,41360,0.4671,0.1908,0.2478,0.0944
2024-12,41360,0.5736,0.155,0.2248,0.0465
2025-01,41360,0.5259,0.191,0.2264,0.0566
2025-02,41360,0.5451,0.1686,0.2482,0.038
2025-03,41360,0.5822,0.1593,0.2128,0.0457
2025-04,41360,0.5982,0.1477,0.2053,0.0487
2025-05,41360,0.6167,0.133,0.2093,0.041
2025-06,41360,0.6744,0.1407,0.157,0.0279
2025-07,41360,0.5971,0.1565,0.1964,0.0499
2025-08,41360,0.5737,0.1634,0.2149,0.048
2025-09,41360,0.5959,0.1464,0.2021,0.0557
2025-10,41360,0.4864,0.2122,0.2613,0.0401
2025-11,41360,0.4839,0.1813,0.3129,0.0219
2025-12,41360,0.4833,0.1953,0.2788,0.0426
2026-01,41360,0.4886,0.1966,0.2749,0.04
2026-02,41360,0.4448,0.2197,0.2812,0.0542
2026-03,41360,0.5071,0.1963,0.2548,0.0418
2026-04,41360,0.533,0.1963,0.2419,0.0288
2026-05,41360,0.5229,0.2056,0.2335,0.038
2026-06,41360,0.4222,0.1894,0.358,0.0303
2026-07,41360,0.4649,0.1988,0.2955,0.0408
2026-08,41360,0.4931,0.1755,0.2811,0.0503
2023-01,41370,0.4541,0.449,0.051,0.0459
2023-02,41370,0.4391,0.4543,0.0355,0.0711
2023-03,41370,0.4249,0.4366,0.054,0.0845
2023-04,41370,0.5136,0.3502,0.0545,0.0817
2023-05,41370,0.4794,0.3746,0.0667,0.0794
2023-06,41370,0.4533,0.4118,0.0554,0.0796
2023-07,41370,0.4387,0.4275,0.0409,0.0929
2023-08,41370,0.4811,0.3902,0.0492,0.0795
2023-09,41370,0.5133,0.3764,0.0532,0.057
2023-10,41370,0.5268,0.3565,0.0315,0.0852
2023-11,41370,0.3992,0.5202,0.0383,0.0424
2023-12,41370,0.3265,0.5584,0.0481,0.067
2024-01,41370,0.3901,0.5347,0.0484,0.0268
2024-02,41370,0.404,0.4613,0.0572,0.0774
2024-03,41370,0.527,0.3397,0.0508,0.0825
2024-04,41370,0.2795,0.6155,0.0547,0.0503
2024-05,41370,0.4868,0.4,0.0528,0.0604
2024-06,41370,0.3709,0.552,0.0429,0.0342
2024-07,41370,0.4004,0.4927,0.0521,0.0548
2024-08,41370,0.3482,0.5417,0.0446,0.0655
2024-09,41370,0.3908,0.5047,0.038,0.0665
2024-10,41370,0.4062,0.4623,0.0464,0.0851
2024-11,41370,0.493,0.4163,0.0256,0.0651
2024-12,41370,0.282,0.631,0.0514,0.0355
2025-01,41370,0.3088,0.5874,0.0355,0.0683
2025-02,41370,0.3005,0.5719,0.0537,0.0738
2025-03,41370,0.4827,0.4286,0.0368,0.0519
2025-04,41370,0.5654,0.3397,0.0359,0.0591
2025-05,41370,0.4459,0.451,0.0412,0.0619
2025-06,41370,0.4777,0.3738,0.047,0.1015
2025-07,41370,0.4371,0.4431,0.0509,0.0689
2025-08,41370,0.3508,0.5544,0.0565,0.0383
2025-09,41370,0.4231,0.4591,0.0601,0.0577
2025-10,41370,0.4139,0.4359,0.0586,0.0916
2025-11,41370,0.4163,0.5037,0.0394,0.0406
2025-12,41370,0.3621,0.5583,0.0206,0.059
2026-01,41370,0.3227,0.5581,0.0334,0.0858
2026-02,41370,0.4089,0.4275,0.0632,0.1004
2026-03,41370,0.343,0.5731,0.0402,0.0437
2026-04,41370,0.3592,0.5499,0.0381,0.0528
2026-05,41370,0.3981,0.4893,0.035,0.0777
2026-06,41370,0.4253,0.4588,0.0335,0.0825
2026-07,41370,0.4192,0.4692,0.0423,0.0692
2026-08,41370,0.326,0.5589,0.0507,0.0644
2023-01,41390,0.5854,0.2466,0.0678,0.1003
2023-02,41390,0.5871,0.2419,0.0774,0.0935
2023-03,41390,0.582,0.2516,0.0876,0.0788
2023-04,41390,0.6074,0.2326,0.0743,0.0856
2023-05,41390,0.6121,0.2013,0.1034,0.0832
2023-06,41390,0.5943,0.2583,0.0817,0.0656
2023-07,41390,0.5213,0.2397,0.1044,0.1347
2023-08,41390,0.7285,0.1602,0.0657,0.0455
2023-09,41390,0.4989,0.2619,0.1023,0.1369
2023-10,41390,0.5704,0.2354,0.0898,0.1044
2023-11,41390,0.6157,0.2465,0.0694,0.0684
2023-12,41390,0.5842,0.2509,0.0491,0.1158
2024-01,41390,0.5741,0.2442,0.1003,0.0814
2024-02,41390,0.638,0.2127,0.0734,0.0759
2024-03,41390,0.6364,0.1948,0.0668,0.102
2024-04,41390,0.6548,0.183,0.0744,0.0878
2024-05,41390,0.6926,0.1765,0.0618,0.0691
2024-06,41390,0.6692,0.1729,0.0689,0.089
2024-07,41390,0.6751,0.1787,0.0737,0.0725
2024-08,41390,0.678,0.1747,0.0795,0.0678
2024-09,41390,0.6304,0.1839,0.1036,0.0821
2024-10,41390,0.6302,0.2058,0.0893,0.0747
2024-11,41390,0.6064,0.2037,0.0961,0.0938
2024-12,41390,0.6465,0.1768,0.0833,0.0934
2025-01,41390,0.9256,0.0357,0.0194,0.0194
2025-02,41390,0.7164,0.1525,0.0639,0.0672
2025-03,41390,0.7029,0.1669,0.0645,0.0657
2025-04,41390,0.7816,0.1237,0.0467,0.048
2025-05,41390,0.7485,0.1497,0.0465,0.0552
2025-06,41390,0.704,0.1612,0.0693,0.0655
2025-07,41390,0.7339,0.1398,0.0739,0.0524
2025-08,41390,0.7896,0.1148,0.0522,0.0435
2025-09,41390,0.7593,0.139,0.0422,0.0596
2025-10,41390,0.7642,0.1173,0.0605,0.058
2025-11,41390,0.7509,0.1444,0.0493,0.0554
2025-12,41390,0.6294,0.182,0.0968,0.0918
2026-01,41390,0.6734,0.2222,0.0536,0.0508
2026-02,41390,0.6428,0.2474,0.0555,0.0543
2026-03,41390,0.5984,0.2419,0.0774,0.0823
2026-04,41390,0.6737,0.1935,0.071,0.0618
2026-05,41390,0.6738,0.2061,0.0578,0.0623
2026-06,41390,0.6421,0.2308,0.0706,0.0565
2026-07,41390,0.5973,0.2294,0.0985,0.0748
2026-08,41390,0.4458,0.2067,0.2979,0.0496
2023-01,41410,0.463,0.3704,0.0741,0.0926
2023-02,41410,0.5305,0.3232,0.0305,0.1159
2023-03,41410,0.5633,0.3038,0.1076,0.0253
2023-04,41410,0.5503,0.284,0.1243,0.0414
2023-05,41410,0.5628,0.2663,0.1156,0.0553
2023-06,41410,0.5633,0.2533,0.1004,0.083
2023-07,41410,0.5604,0.2705,0.1063,0.0628
2023-08,41410,0.5695,0.2601,0.0942,0.0762
2023-09,41410,0.5742,0.3158,0.0622,0.0478
2023-10,41410,0.5892,0.227,0.1405,0.0432
2023-11,41410,0.6105,0.2158,0.1211,0.0526
2023-12,41410,0.6185,0.2312,0.0867,0.0636
2024-01,41410,0.6312,0.2125,0.0875,0.0688
2024-02,41410,0.5746,0.2431,0.1271,0.0552
2024-03,41410,0.6289,0.2268,0.0876,0.0567
2024-04,41410,0.6061,0.2771,0.0693,0.0476
2024-05,41410,0.6497,0.2007,0.1054,0.0442
2024-06,41410,0.6208,0.2215,0.1074,0.0503
2024-07,41410,0.6209,0.2253,0.1016,0.0522
2024-08,41410,0.3737,0.438,0.1109,0.0774
2024-09,41410,0.5476,0.2738,0.1071,0.0714
2024-10,41410,0.4515,0.3746,0.1003,0.0736
2024-11,41410,0.3484,0.4634,0.1115,0.0767
2024-12,41410,0.6786,0.25,0.0513,0.0201
2025-01,41410,0.6496,0.235,0.0684,0.047
2025-02,41410,0.5117,0.3577,0.0836,0.047
2025-03,41410,0.5788,0.2783,0.1034,0.0394
2025-04,41410,0.5532,0.273,0.117,0.0567
2025-05,41410,0.5625,0.2583,0.1208,0.0583
2025-06,41410,0.5465,0.2583,0.1111,0.0841
2025-07,41410,0.5669,0.2676,0.1092,0.0563
2025-08,41410,0.6474,0.2316,0.0737,0.0474
2025-09,41410,0.6764,0.2306,0.0504,0.0426
2025-10,41410,0.5763,0.2684,0.0904,0.065
2025-11,41410,0.5568,0.2901,0.0937,0.0595
2025-12,41410,0.5726,0.2695,0.1011,0.0568
2026-01,41410,0.5126,0.2828,0.1402,0.0644
2026-02,41410,0.5,0.3092,0.125,0.0658
2026-03,41410,0.5161,0.273,0.1365,0.0744
2026-04,41410,0.579,0.2978,0.0908,0.0324
2026-05,41410,0.3745,0.4082,0.1517,0.0655
2026-06,41410,0.4874,0.3233,0.1156,0.0737
2026-07,41410,0.4612,0.3206,0.1391,0.0791
2026-08,41410,0.4105,0.3561,0.171,0.0624
2023-01,41430,0.3592,0.4327,0.1531,0.0551
2023-02,41430,0.2968,0.4106,0.1702,0.1223
2023-03,41430,0.3564,0.3901,0.1596,0.094
2023-04,41430,0.4858,0.3502,0.1073,0.0568
2023-05,41430,0.3195,0.4556,0.1006,0.1243
2023-06,41430,0.414,0.3674,0.1628,0.0558
2023-07,41430,0.4402,0.3464,0.1815,0.0318
2023-08,41430,0.3958,0.438,0.1187,0.0475
2023-09,41430,0.2513,0.5176,0.1809,0.0503
2023-10,41430,0.2788,0.4893,0.1454,0.0865
2023-11,41430,0.5893,0.244,0.0833,0.0833
2023-12,41430,0.5111,0.3111,0.1278,0.05
2024-01,41430,0.6573,0.2636,0.0598,0.0193
2024-02,41430,0.5664,0.2832,0.1504,0.0
2024-03,41430,0.4603,0.4286,0.0873,0.0238
2024-04,41430,0.4496,0.3566,0.1473,0.0465
2024-05,41430,0.4524,0.3512,0.1071,0.0893
2024-06,41430,0.371,0.429,0.0935,0.1065
2024-07,41430,0.3655,0.4914,0.0862,0.0569
2024-08,41430,0.3321,0.4818,0.1204,0.0657
2024-09,41430,0.3547,0.436,0.1105,0.0988
2024-10,41430,0.3696,0.3841,0.1522,0.0942
2024-11,41430,0.404,0.3939,0.1414,0.0606
2024-12,41430,0.4778,0.4266,0.0554,0.0402
2025-01,41430,0.3796,0.463,0.1019,0.0556
2025-02,41430,0.2488,0.6092,0.108,0.034
2025-03,41430,0.3229,0.5401,0.1114,0.0255
2025-04,41430,0.2925,0.485,0.1525,0.07
2025-05,41430,0.5542,0.3149,0.0756,0.0554
2025-06,41430,0.5556,0.3429,0.0742,0.0274
2025-07,41430,0.3638,0.4572,0.1206,0.0584
2025-08,41430,0.4303,0.3818,0.1333,0.0545
2025-09,41430,0.3093,0.5013,0.1387,0.0507
2025-10,41430,0.3033,0.4985,0.1351,0.0631
2025-11,41430,0.3034,0.469,0.2069,0.0207
2025-12,41430,0.3962,0.4313,0.1118,0.0607
2026-01,41430,0.5054,0.3529,0.1002,0.0414
2026-02,41430,0.295,0.5405,0.1149,0.0496
2026-03,41430,0.2959,0.4957,0.1332,0.0752
2026-04,41430,0.3159,0.489,0.1511,0.044
2026-05,41430,0.2619,0.5264,0.1811,0.0306
2026-06,41430,0.3269,0.4635,0.1654,0.0442
2026-07,41430,0.3565,0.4653,0.1481,0.0301
2026-08,41430,0.2405,0.3548,0.3833,0.0214
2023-01,41450,0.439,0.187,0.3333,0.0407
2023-02,41450,0.4113,0.1976,0.3508,0.0403
2023-03,41450,0.5727,0.1758,0.2212,0.0303
2023-04,41450,0.547,0.1359,0.2787,0.0383
2023-05,41450,0.4509,0.1908,0.3006,0.0578
2023-06,41450,0.4099,0.1925,0.3634,0.0342
2023-07,41450,0.4628,0.152,0.3074,0.0777
2023-08,41450,0.4768,0.1857,0.2996,0.038
2023-09,41450,0.4339,0.1901,0.2893,0.0868
2023-10,41450,0.5089,0.1479,0.284,0.0592
2023-11,41450,0.3919,0.1824,0.3851,0.0405
2023-12,41450,0.4577,0.2113,0.2887,0.0423
2024-01,41450,0.4426,0.1803,0.3333,0.0437
2024-02,41450,0.538,0.1637,0.2456,0.0526
2024-03,41450,0.4382,0.1713,0.3147,0.0757
2024-04,41450,0.4608,0.1881,0.3072,0.0439
2024-05,41450,0.4932,0.1123,0.3479,0.0466
2024-06,41450,0.4792,0.1858,0.2763,0.0587
2024-07,41450,0.4233,0.1747,0.3509,0.0511
2024-08,41450,0.4126,0.1836,0.3566,0.0472
2024-09,41450,0.4571,0.1486,0.3229,0.0714
2024-10,41450,0.5665,0.1456,0.231,0.057
2024-11,41450,0.6132,0.1195,0.2358,0.0314
2024-12,41450,0.6921,0.1085,0.1496,0.0499
2025-01,41450,0.671,0.0912,0.2085,0.0293
2025-02,41450,0.8081,0.0522,0.124,0.0157
2025-03,41450,0.3545,0.1636,0.4145,0.0673
2025-04,41450,0.4548,0.1731,0.2997,0.0724
2025-05,41450,0.4009,0.1403,0.4143,0.0445
2025-06,41450,0.4075,0.1893,0.3512,0.052
2025-07,41450,0.4519,0.1631,0.3361,0.0489
2025-08,41450,0.5357,0.1671,0.2669,0.0303
2025-09,41450,0.5242,0.1451,0.2901,0.0406
2025-10,41450,0.3306,0.1776,0.4318,0.06
2025-11,41450,0.375,0.1875,0.3828,0.0547
2025-12,41450,0.442,0.1271,0.395,0.0359
2026-01,41450,0.4437,0.1502,0.3686,0.0375
2026-02,41450,0.4517,0.1723,0.3446,0.0313
2026-03,41450,0.467,0.1461,0.361,0.0258
2026-04,41450,0.5155,0.1695,0.2864,0.0286
2026-05,41450,0.5598,0.1448,0.2703,0.0251
2026-06,41450,0.7156,0.0759,0.1969,0.0116
2026-07,41450,0.4405,0.181,0.3333,0.0452
2026-08,41450,0.4724,0.1575,0.3491,0.021
2023-01,41461,0.3837,0.3953,0.093,0.1279
2023-02,41461,0.3755,0.4851,0.0809,0.0585
2023-03,41461,0.4701,0.356,0.0679,0.106
2023-04,41461,0.4626,0.3477,0.0718,0.1178
2023-05,41461,0.5,0.3494,0.0843,0.0663
2023-06,41461,0.4726,0.2954,0.1139,0.1181
2023-07,41461,0.5025,0.3367,0.0603,0.1005
2023-08,41461,0.4515,0.3738,0.0971,0.0777
2023-09,41461,0.4574,0.3318,0.1076,0.1031
2023-10,41461,0.4454,0.3655,0.0882,0.1008
2023-11,41461,0.5025,0.3483,0.0597,0.0896
2023-12,41461,0.6272,0.2249,0.071,0.0769
2024-01,41461,0.5231,0.3148,0.0648,0.0972
2024-02,41461,0.4693,0.3646,0.0614,0.1047
2024-03,41461,0.4822,0.3657,0.0712,0.0809
2024-04,41461,0.4242,0.4459,0.0892,0.0408
2024-05,41461,0.3964,0.4324,0.0833,0.0878
2024-06,41461,0.4785,0.3441,0.1102,0.0672
2024-07,41461,0.4842,0.3891,0.0679,0.0588
2024-08,41461,0.4258,0.4187,0.0718,0.0837
2024-09,41461,0.369,0.4785,0.1033,0.0492
2024-10,41461,0.3409,0.4935,0.0945,0.0712
2024-11,41461,0.24,0.5307,0.1099,0.1195
2024-12,41461,0.3881,0.4482,0.1133,0.0504
2025-01,41461,0.3081,0.4924,0.0825,0.1169
2025-02,41461,0.3466,0.4754,0.0881,0.09
2025-03,41461,0.3691,0.4385,0.1057,0.0868
2025-04,41461,0.3881,0.4051,0.1023,0.1045
2025-05,41461,0.4187,0.4442,0.0854,0.0517
2025-06,41461,0.3123,0.5295,0.0703,0.0879
2025-07,41461,0.2384,0.5939,0.0914,0.0764
2025-08,41461,0.3141,0.5033,0.1012,0.0814
2025-09,41461,0.3672,0.4619,0.1017,0.0692
2025-10,41461,0.3986,0.4365,0.0824,0.0824
2025-11,41461,0.4497,0.3792,0.0772,0.094
2025-12,41461,0.4112,0.3676,0.0966,0.1246
2026-01,41461,0.4485,0.378,0.0739,0.0997
2026-02,41461,0.4648,0.3611,0.0917,0.0824
2026-03,41461,0.4478,0.4006,0.0687,0.083
2026-04,41461,0.4497,0.3739,0.0794,0.097
2026-05,41461,0.4434,0.3926,0.0762,0.0878
2026-06,41461,0.3737,0.4241,0.1007,0.1015
2026-07,41461,0.4251,0.4039,0.1014,0.0696
2026-08,41461,0.4238,0.4029,0.0939,0.0793
2023-01,41463,0.4779,0.3274,0.0885,0.1062
2023-02,41463,0.489,0.3172,0.1145,0.0793
2023-03,41463,0.4615,0.3728,0.0976,0.068
2023-04,41463,0.4704,0.3427,0.1246,0.0623
2023-05,41463,0.4631,0.3579,0.1074,0.0716
2023-06,41463,0.455,0.4654,0.0527,0.0269
2023-07,41463,0.4991,0.3792,0.0787,0.0429
2023-08,41463,0.3707,0.4354,0.1217,0.0722
2023-09,41463,0.4721,0.381,0.0967,0.0502
2023-10,41463,0.455,0.3842,0.109,0.0518
2023-11,41463,0.4272,0.3981,0.1036,0.0712
2023-12,41463,0.457,0.3756,0.086,0.0814
2024-01,41463,0.4206,0.3583,0.1277,0.0935
2024-02,41463,0.4442,0.415,0.106,0.0347
2024-03,41463,0.3951,0.4663,0.0805,0.0581
2024-04,41463,0.4279,0.4463,0.0705,0.0554
2024-05,41463,0.5048,0.3467,0.0781,0.0705
2024-06,41463,0.488,0.362,0.096,0.054
2024-07,41463,0.4165,0.3947,0.1404,0.0484
2024-08,41463,0.4198,0.4086,0.1063,0.0653
2024-09,41463,0.4522,0.4009,0.0979,0.049
2024-10,41463,0.4407,0.4011,0.0763,0.0819
2024-11,41463,0.4933,0.37,0.0767,0.06
2024-12,41463,0.4911,0.3843,0.0819,0.0427
2025-01,41463,0.4933,0.3408,0.0762,0.0897
2025-02,41463,0.4302,0.3846,0.0997,0.0855
2025-03,41463,0.4574,0.4059,0.0772,0.0594
2025-04,41463,0.4915,0.3894,0.0718,0.0473
2025-05,41463,0.4989,0.3355,0.0993,0.0662
2025-06,41463,0.5007,0.3671,0.0788,0.0534
2025-07,41463,0.4352,0.4132,0.0901,0.0615
2025-08,41463,0.4416,0.433,0.0826,0.0427
2025-09,41463,0.4504,0.416,0.0878,0.0458
2025-10,41463,0.445,0.3943,0.088,0.0727
2025-11,41463,0.4266,0.4042,0.102,0.0672
2025-12,41463,0.4089,0.4117,0.1001,0.0793
2026-01,41463,0.4051,0.4393,0.0883,0.0673
2026-02,41463,0.3967,0.4385,0.1099,0.055
2026-03,41463,0.4097,0.4178,0.11,0.0625
2026-04,41463,0.464,0.3602,0.1062,0.0696
2026-05,41463,0.4126,0.4139,0.1066,0.0669
2026-06,41463,0.4205,0.398,0.1151,0.0663
2026-07,41463,0.3319,0.514,0.0999,0.0543
2026-08,41463,0.379,0.4758,0.0968,0.0484
2023-01,41465,0.303,0.5265,0.1402,0.0303
2023-02,41465,0.325,0.475,0.1545,0.0455
2023-03,41465,0.3205,0.4623,0.1331,0.0841
2023-04,41465,0.3253,0.4337,0.1506,0.0904
2023-05,41465,0.384,0.3938,0.1345,0.0877
2023-06,41465,0.3926,0.4504,0.0992,0.0579
2023-07,41465,0.3958,0.363,0.1686,0.0726
2023-08,41465,0.3768,0.4232,0.1263,0.0737
2023-09,41465,0.393,0.4053,0.1399,0.0617
2023-10,41465,0.3562,0.3824,0.1863,0.0752
2023-11,41465,0.4115,0.3539,0.1687,0.0658
2023-12,41465,0.3454,0.4175,0.1649,0.0722
2024-01,41465,0.3936,0.3976,0.1285,0.0803
2024-02,41465,0.3925,0.3736,0.1396,0.0943
2024-03,41465,0.4149,0.367,0.1676,0.0505
2024-04,41465,0.4433,0.3627,0.1184,0.0756
2024-05,41465,0.3956,0.367,0.1736,0.0637
2024-06,41465,0.416,0.3904,0.1392,0.0544
2024-07,41465,0.4258,0.3794,0.128,0.0668
2024-08,41465,0.4084,0.381,0.1443,0.0664
2024-09,41465,0.3973,0.428,0.1152,0.0595
2024-10,41465,0.4204,0.3919,0.133,0.0546
2024-11,41465,0.3894,0.3783,0.1372,0.0951
2024-12,41465,0.3976,0.3765,0.1536,0.0723
2025-01,41465,0.3602,0.422,0.1532,0.0645
2025-02,41465,0.3427,0.4181,0.1703,0.069
2025-03,41465,0.3995,0.3874,0.1525,0.0605
2025-04,41465,0.4301,0.3723,0.1344,0.0632
2025-05,41465,0.3646,0.424,0.1295,0.0819
2025-06,41465,0.3862,0.4028,0.1482,0.0628
2025-07,41465,0.3901,0.4119,0.1383,0.0597
2025-08,41465,0.3539,0.4213,0.1404,0.0843
2025-09,41465,0.4239,0.4005,0.1317,0.0439
2025-10,41465,0.3746,0.4127,0.139,0.0737
2025-11,41465,0.3614,0.4268,0.1526,0.0592
2025-12,41465,0.3603,0.4259,0.1655,0.0483
2026-01,41465,0.3978,0.4241,0.1424,0.0356
2026-02,41465,0.4142,0.4208,0.1406,0.0244
2026-03,41465,0.3733,0.4457,0.1365,0.0446
2026-04,41465,0.3744,0.4659,0.1159,0.0439
2026-05,41465,0.4047,0.4121,0.1448,0.0384
2026-06,41465,0.3954,0.441,0.1351,0.0284
2026-07,41465,0.3616,0.4688,0.1339,0.0357
2026-08,41465,0.3753,0.4544,0.1217,0.0487
2023-01,41480,0.5668,0.2491,0.1426,0.0415
2023-02,41480,0.5863,0.2364,0.0993,0.078
2023-03,41480,0.5582,0.2807,0.1005,0.0606
2023-04,41480,0.5476,0.2812,0.1057,0.0655
2023-05,41480,0.5414,0.2905,0.1224,0.0456
2023-06,41480,0.44,0.3427,0.1449,0.0724
2023-07,41480,0.5583,0.2944,0.1147,0.0325
2023-08,41480,0.4951,0.2718,0.1553,0.0777
2023-09,41480,0.5579,0.2694,0.1157,0.0569
2023-10,41480,0.535,0.2617,0.1425,0.0607
2023-11,41480,0.5717,0.2287,0.1143,0.0852
2023-12,41480,0.5386,0.261,0.1625,0.0379
2024-01,41480,0.5554,0.2563,0.136,0.0523
2024-02,41480,0.5229,0.2856,0.1505,0.041
2024-03,41480,0.6207,0.2337,0.0958,0.0498
2024-04,41480,0.6632,0.1763,0.1082,0.0524
2024-05,41480,0.5875,0.266,0.1037,0.0428
2024-06,41480,0.7091,0.1429,0.1028,0.0453
2024-07,41480,0.6949,0.1526,0.0971,0.0555
2024-08,41480,0.6618,0.2104,0.0785,0.0494
2024-09,41480,0.6042,0.2485,0.1107,0.0366
2024-10,41480,0.6415,0.1528,0.0862,0.1195
2024-11,41480,0.7099,0.1495,0.0967,0.044
2024-12,41480,0.6004,0.2158,0.1474,0.0363
2025-01,41480,0.7122,0.1382,0.0954,0.0543
2025-02,41480,0.6697,0.1823,0.1011,0.0469
2025-03,41480,0.6155,0.2283,0.1238,0.0325
2025-04,41480,0.6118,0.219,0.1012,0.068
2025-05,41480,0.6466,0.1918,0.0998,0.0618
2025-06,41480,0.6444,0.1684,0.1217,0.0655
2025-07,41480,0.5953,0.1737,0.1419,0.089
2025-08,41480,0.5932,0.2232,0.1441,0.0395
2025-09,41480,0.6841,0.1615,0.1116,0.0428
2025-10,41480,0.5913,0.2,0.1304,0.0783
2025-11,41480,0.5979,0.2213,0.134,0.0468
2025-12,41480,0.6992,0.1849,0.0892,0.0267
2026-01,41480,0.6395,0.2096,0.1028,0.0481
2026-02,41480,0.621,0.2195,0.1201,0.0394
2026-03,41480,0.5926,0.2211,0.1453,0.0411
2026-04,41480,0.5789,0.2318,0.1303,0.059
2026-05,41480,0.571,0.2417,0.1314,0.0559
2026-06,41480,0.5651,0.2384,0.1523,0.0442
2026-07,41480,0.5468,0.2511,0.1473,0.0548
2026-08,41480,0.5138,0.2883,0.1472,0.0506
2023-01,41500,0.6173,0.1728,0.0617,0.1481
2023-02,41500,0.7023,0.1527,0.0611,0.084
2023-03,41500,0.6872,0.2011,0.0503,0.0615
2023-04,41500,0.6795,0.1987,0.0449,0.0769
2023-05,41500,0.675,0.1313,0.0938,0.1
2023-06,41500,0.7312,0.1562,0.0437,0.0688
2023-07,41500,0.6907,0.1546,0.0309,0.1237
2023-08,41500,0.669,0.1761,0.0423,0.1127
2023-09,41500,0.9374,0.0421,0.0108,0.0098
2023-10,41500,0.8679,0.0809,0.027,0.0243
2023-11,41500,0.6951,0.2012,0.0244,0.0793
2023-12,41500,0.8068,0.1342,0.034,0.0251
2024-01,41500,0.8925,0.0687,0.0117,0.0272
2024-02,41500,0.2077,0.0486,0.7018,0.0419
2024-03,41500,0.7397,0.1488,0.0331,0.0785
2024-04,41500,0.4204,0.0575,0.4982,0.024
2024-05,41500,0.7372,0.1638,0.0444,0.0546
2024-06,41500,0.7137,0.1538,0.047,0.0855
2024-07,41500,0.7608,0.1499,0.0346,0.0548
2024-08,41500,0.6742,0.2014,0.043,0.0814
2024-09,41500,0.6687,0.1875,0.075,0.0688
2024-10,41500,0.768,0.1366,0.0518,0.0436
2024-11,41500,0.6519,0.1963,0.0704,0.0815
2024-12,41500,0.7492,0.1768,0.0289,0.045
2025-01,41500,0.5472,0.1736,0.0679,0.2113
2025-02,41500,0.6609,0.1565,0.0522,0.1304
2025-03,41500,0.7288,0.1751,0.0508,0.0452
2025-04,41500,0.6334,0.2186,0.0675,0.0804
2025-05,41500,0.5868,0.2603,0.0455,0.1074
2025-06,41500,0.6176,0.25,0.0478,0.0846
2025-07,41500,0.5219,0.3136,0.1183,0.0463
2025-08,41500,0.6656,0.1672,0.0675,0.0997
2025-09,41500,0.6438,0.1934,0.0941,0.0687
2025-10,41500,0.5975,0.2229,0.0619,0.1176
2025-11,41500,0.5024,0.282,0.0853,0.1303
2025-12,41500,0.4112,0.3101,0.0921,0.1865
2026-01,41500,0.7736,0.1392,0.0422,0.045
2026-02,41500,0.7095,0.1732,0.0475,0.0698
2026-03,41500,0.5793,0.2305,0.0749,0.1153
2026-04,41500,0.5944,0.1964,0.1071,0.102
2026-05,41500,0.5962,0.2304,0.0921,0.0813
2026-06,41500,0.5328,0.2626,0.0985,0.1061
2026-07,41500,0.4829,0.1923,0.1218,0.203
2026-08,41500,0.5444,0.2239,0.1274,0.1042
2023-01,41550,0.4467,0.2995,0.0406,0.2132
2023-02,41550,0.4933,0.3367,0.0433,0.1267
2023-03,41550,0.4362,0.3501,0.0653,0.1484
2023-04,41550,0.4895,0.3403,0.0681,0.1021
2023-05,41550,0.469,0.3424,0.062,0.1266
2023-06,41550,0.5379,0.3316,0.0235,0.107
2023-07,41550,0.4415,0.4016,0.0399,0.117
2023-08,41550,0.3854,0.3958,0.0781,0.1406
2023-09,41550,0.3844,0.4044,0.0711,0.14
2023-10,41550,0.3497,0.4386,0.0435,0.1682
2023-11,41550,0.4076,0.437,0.0352,0.1202
2023-12,41550,0.3845,0.3924,0.0777,0.1454
2024-01,41550,0.4251,0.3789,0.0647,0.1312
2024-02,41550,0.6229,0.2409,0.0487,0.0876
2024-03,41550,0.5592,0.2782,0.0551,0.1074
2024-04,41550,0.5757,0.2655,0.062,0.0968
2024-05,41550,0.6139,0.2333,0.075,0.0778
2024-06,41550,0.565,0.2881,0.0565,0.0904
2024-07,41550,0.5766,0.2632,0.0574,0.1029
2024-08,41550,0.4078,0.4205,0.0926,0.079
2024-09,41550,0.4507,0.4033,0.0347,0.1113
2024-10,41550,0.5493,0.287,0.0516,0.1121
2024-11,41550,0.5629,0.2547,0.0535,0.1289
2024-12,41550,0.5781,0.25,0.0586,0.1133
2025-01,41550,0.4436,0.3383,0.0865,0.1316
2025-02,41550,0.5719,0.2712,0.0458,0.1111
2025-03,41550,0.5575,0.2529,0.046,0.1437
2025-04,41550,0.6276,0.2321,0.0383,0.102
2025-05,41550,0.3171,0.446,0.0764,0.1605
2025-06,41550,0.5904,0.2349,0.0542,0.1205
2025-07,41550,0.5789,0.2772,0.0386,0.1053
2025-08,41550,0.5542,0.253,0.0422,0.1506
2025-09,41550,0.5455,0.2201,0.0478,0.1866
2025-10,41550,0.5924,0.2133,0.0616,0.1327
2025-11,41550,0.6655,0.1793,0.0448,0.1103
2025-12,41550,0.6015,0.1919,0.0664,0.1402
2026-01,41550,0.6121,0.2242,0.0641,0.0996
2026-02,41550,0.601,0.2176,0.0518,0.1295
2026-03,41550,0.596,0.2655,0.0367,0.1017
2026-04,41550,0.5918,0.2135,0.0562,0.1386
2026-05,41550,0.6116,0.2438,0.0496,0.095
2026-06,41550,0.6207,0.2069,0.0603,0.1121
2026-07,41550,0.6524,0.1952,0.0333,0.119
2026-08,41550,0.5813,0.2512,0.0837,0.0837
2023-01,41570,0.592,0.1379,0.1724,0.0977
2023-02,41570,0.5479,0.1037,0.2447,0.1037
2023-03,41570,0.5381,0.1111,0.2157,0.1351
2023-04,41570,0.5156,0.1222,0.2356,0.1267
2023-05,41570,0.5355,0.1197,0.2211,0.1237
2023-06,41570,0.5725,0.1098,0.2078,0.1098
2023-07,41570,0.5406,0.1346,0.2436,0.0812
2023-08,41570,0.5979,0.1106,0.1638,0.1277
2023-09,41570,0.5629,0.128,0.181,0.128
2023-10,41570,0.5093,0.1343,0.1898,0.1667
2023-11,41570,0.5625,0.131,0.1694,0.1371
2023-12,41570,0.5721,0.1126,0.2102,0.1051
2024-01,41570,0.5667,0.1467,0.1644,0.1222
2024-02,41570,0.6259,0.0846,0.1823,0.1071
2024-03,41570,0.6346,0.0961,0.1638,0.1055
2024-04,41570,0.5946,0.0856,0.2207,0.0991
2024-05,41570,0.6012,0.0946,0.1761,0.1281
2024-06,41570,0.6681,0.0841,0.1475,0.1003
2024-07,41570,0.5838,0.1096,0.2,0.1066
2024-08,41570,0.4208,0.16,0.1888,0.2305
2024-09,41570,0.6427,0.0925,0.1722,0.0925
2024-10,41570,0.6771,0.0949,0.1445,0.0836
2024-11,41570,0.6074,0.1459,0.1701,0.0766
2024-12,41570,0.6888,0.1018,0.137,0.0724
2025-01,41570,0.5475,0.1138,0.1797,0.159
2025-02,41570,0.5398,0.1144,0.2114,0.1343
2025-03,41570,0.5508,0.0961,0.244,0.1091
2025-04,41570,0.551,0.115,0.2022,0.1317
2025-05,41570,0.4883,0.1171,0.2475,0.1472
2025-06,41570,0.4389,0.1435,0.28,0.1376
2025-07,41570,0.4848,0.1323,0.2482,0.1347
2025-08,41570,0.6123,0.093,0.2006,0.094
2025-09,41570,0.523,0.1142,0.2422,0.1206
2025-10,41570,0.4376,0.1573,0.2803,0.1248
2025-11,41570,0.437,0.1447,0.2677,0.1505
2025-12,41570,0.6776,0.1018,0.1543,0.0663
2026-01,41570,0.5249,0.1234,0.2213,0.1304
2026-02,41570,0.5479,0.1251,0.2128,0.1142
2026-03,41570,0.5005,0.1341,0.2279,0.1374
2026-04,41570,0.4207,0.1316,0.322,0.1257
2026-05,41570,0.4533,0.1347,0.3097,0.1023
2026-06,41570,0.4473,0.1245,0.301,0.1272
2026-07,41570,0.5215,0.1444,0.2264,0.1077
2026-08,41570,0.4182,0.1494,0.3091,0.1234
2023-01,41590,0.5552,0.3487,0.0499,0.0462
2023-02,41590,0.5435,0.3397,0.0466,0.0702
2023-03,41590,0.5412,0.3306,0.0405,0.0878
2023-04,41590,0.446,0.3993,0.0524,0.1023
2023-05,41590,0.4742,0.3896,0.0634,0.0728
2023-06,41590,0.5493,0.3531,0.0559,0.0418
2023-07,41590,0.5363,0.3419,0.0513,0.0705
2023-08,41590,0.5,0.3808,0.0545,0.0647
2023-09,41590,0.5281,0.3344,0.0498,0.0877
2023-10,41590,0.5106,0.3714,0.0477,0.0703
2023-11,41590,0.6909,0.226,0.032,0.0511
2023-12,41590,0.4901,0.3842,0.0703,0.0554
2024-01,41590,0.5265,0.3318,0.0936,0.048
2024-02,41590,0.7896,0.1457,0.0256,0.039
2024-03,41590,0.6178,0.2667,0.0697,0.0458
2024-04,41590,0.5827,0.3053,0.0641,0.0479
2024-05,41590,0.5732,0.2974,0.0539,0.0755
2024-06,41590,0.5729,0.3039,0.0414,0.0818
2024-07,41590,0.5692,0.2987,0.0466,0.0855
2024-08,41590,0.5741,0.3141,0.053,0.0588
2024-09,41590,0.5822,0.3127,0.0407,0.0644
2024-10,41590,0.5415,0.2991,0.083,0.0764
2024-11,41590,0.6147,0.2616,0.038,0.0856
2024-12,41590,0.7591,0.1645,0.0227,0.0536
2025-01,41590,0.5477,0.361,0.0378,0.0535
2025-02,41590,0.5486,0.3729,0.033,0.0455
2025-03,41590,0.5917,0.2818,0.076,0.0504
2025-04,41590,0.6151,0.2959,0.036,0.0531
2025-05,41590,0.7101,0.2067,0.0313,0.052
2025-06,41590,0.6679,0.2349,0.0441,0.0531
2025-07,41590,0.6335,0.2684,0.0432,0.0549
2025-08,41590,0.5635,0.3271,0.0847,0.0247
2025-09,41590,0.5871,0.3055,0.069,0.0383
2025-10,41590,0.5825,0.2976,0.0708,0.0491
2025-11,41590,0.612,0.2643,0.0523,0.0714
2025-12,41590,0.4695,0.4155,0.0482,0.0668
2026-01,41590,0.6036,0.2891,0.0383,0.0689
2026-02,41590,0.4408,0.4234,0.0492,0.0865
2026-03,41590,0.4593,0.4234,0.048,0.0692
2026-04,41590,0.4963,0.3907,0.0483,0.0648
2026-05,41590,0.5339,0.3433,0.0461,0.0766
2026-06,41590,0.5111,0.3565,0.0516,0.0808
2026-07,41590,0.4534,0.4183,0.0514,0.0769
2026-08,41590,0.4589,0.4372,0.0411,0.0628
2023-01,41610,0.7082,0.2153,0.0563,0.0201
2023-02,41610,0.6055,0.2539,0.1055,0.0352
2023-03,41610,0.7021,0.1961,0.0659,0.0359
2023-04,41610,0.6149,0.2418,0.0985,0.0448
2023-05,41610,0.5938,0.2773,0.0896,0.0392
2023-06,41610,0.5728,0.2914,0.0863,0.0495
2023-07,41610,0.5928,0.2335,0.1198,0.0539
2023-08,41610,0.5202,0.3024,0.125,0.0524
2023-09,41610,0.601,0.2217,0.1281,0.0493
2023-10,41610,0.5333,0.3333,0.0923,0.041
2023-11,41610,0.5917,0.2367,0.1006,0.071
2023-12,41610,0.6057,0.2343,0.0971,0.0629
2024-01,41610,0.5701,0.276,0.0995,0.0543
2024-02,41610,0.6134,0.2216,0.1082,0.0567
2024-03,41610,0.6222,0.2259,0.1148,0.037
2024-04,41610,0.5511,0.2812,0.1165,0.0511
2024-05,41610,0.6275,0.2712,0.0752,0.0261
2024-06,41610,0.5828,0.2515,0.1135,0.0521
2024-07,41610,0.5429,0.3039,0.0951,0.058
2024-08,41610,0.4933,0.3217,0.134,0.0509
2024-09,41610,0.5441,0.2941,0.1213,0.0404
2024-10,41610,0.6462,0.2186,0.0959,0.0393
2024-11,41610,0.5616,0.2733,0.1171,0.048
2024-12,41610,0.5551,0.2687,0.0925,0.0837
2025-01,41610,0.6802,0.2324,0.0682,0.0192
2025-02,41610,0.5792,0.3002,0.0827,0.0378
2025-03,41610,0.542,0.2791,0.1084,0.0705
2025-04,41610,0.5826,0.2955,0.0888,0.0331
2025-05,41610,0.531,0.3298,0.0985,0.0407
2025-06,41610,0.5,0.35,0.1104,0.0396
2025-07,41610,0.5416,0.2969,0.1021,0.0594
2025-08,41610,0.7314,0.1775,0.0637,0.0273
2025-09,41610,0.5773,0.285,0.0942,0.0435
2025-10,41610,0.5461,0.3167,0.0998,0.0374
2025-11,41610,0.6003,0.2708,0.0832,0.0457
2025-12,41610,0.5237,0.3416,0.0823,0.0524
2026-01,41610,0.5092,0.3228,0.1207,0.0472
2026-02,41610,0.5473,0.3343,0.0888,0.0296
2026-03,41610,0.5442,0.3163,0.107,0.0326
2026-04,41610,0.5061,0.3236,0.1168,0.0535
2026-05,41610,0.5102,0.3047,0.1287,0.0564
2026-06,41610,0.6223,0.266,0.087,0.0247
2026-07,41610,0.4225,0.411,0.1293,0.0371
2026-08,41610,0.4571,0.374,0.1273,0.0416
2023-01,41630,0.2044,0.4745,0.2384,0.0827
2023-02,41630,0.3994,0.3764,0.1667,0.0575
2023-03,41630,0.4237,0.3654,0.172,0.0389
2023-04,41630,0.4073,0.3254,0.2155,0.0517
2023-05,41630,0.4144,0.3402,0.1773,0.068
2023-06,41630,0.4463,0.3095,0.1663,0.0779
2023-07,41630,0.3525,0.3542,0.2203,0.0729
2023-08,41630,0.3566,0.3486,0.2271,0.0677
2023-09,41630,0.3814,0.3402,0.2268,0.0515
2023-10,41630,0.3878,0.3724,0.1837,0.0561
2023-11,41630,0.4172,0.3006,0.2178,0.0644
2023-12,41630,0.4014,0.3552,0.2007,0.0426
2024-01,41630,0.4331,0.3461,0.1507,0.0701
2024-02,41630,0.4885,0.2918,0.1639,0.0557
2024-03,41630,0.5115,0.2525,0.1869,0.0492
2024-04,41630,0.4368,0.3174,0.1838,0.0621
2024-05,41630,0.4401,0.3018,0.182,0.076
2024-06,41630,0.3658,0.3601,0.2111,0.063
2024-07,41630,0.401,0.3119,0.2277,0.0594
2024-08,41630,0.4178,0.2953,0.2061,0.0808
2024-09,41630,0.4257,0.2772,0.2145,0.0825
2024-10,41630,0.453,0.2762,0.1823,0.0884
2024-11,41630,0.366,0.3547,0.2247,0.0546
2024-12,41630,0.6056,0.2629,0.1132,0.0183
2025-01,41630,0.4632,0.2853,0.1564,0.0951
2025-02,41630,0.4526,0.3018,0.2175,0.0281
2025-03,41630,0.4538,0.3246,0.1658,0.0558
2025-04,41630,0.4914,0.2812,0.1711,0.0562
2025-05,41630,0.4348,0.3156,0.1707,0.0789
2025-06,41630,0.5414,0.2893,0.1212,0.0482
2025-07,41630,0.4349,0.3583,0.1551,0.0517
2025-08,41630,0.4857,0.2952,0.146,0.073
2025-09,41630,0.4949,0.2908,0.1633,0.051
2025-10,41630,0.5535,0.245,0.1434,0.0581
2025-11,41630,0.5569,0.2718,0.1031,0.0683
2025-12,41630,0.5178,0.2437,0.1387,0.0998
2026-01,41630,0.5551,0.2045,0.1708,0.0697
2026-02,41630,0.5456,0.2527,0.1465,0.0552
2026-03,41630,0.529,0.2699,0.1558,0.0453
2026-04,41630,0.5362,0.2673,0.1384,0.0582
2026-05,41630,0.5486,0.2692,0.1448,0.0375
2026-06,41630,0.66,0.2264,0.0868,0.0268
2026-07,41630,0.5231,0.2615,0.1631,0.0523
2026-08,41630,0.4179,0.3448,0.1814,0.0558
2023-01,41650,0.7143,0.1714,0.0857,0.0286
2023-02,41650,0.7213,0.1639,0.0984,0.0164
2023-03,41650,0.6944,0.125,0.1111,0.0694
2023-04,41650,0.6951,0.1707,0.0854,0.0488
2023-05,41650,0.7021,0.117,0.0638,0.117
2023-06,41650,0.6747,0.1325,0.1446,0.0482
2023-07,41650,0.7284,0.1235,0.1111,0.037
2023-08,41650,0.7333,0.1667,0.0667,0.0333
2023-09,41650,0.7416,0.1236,0.1011,0.0337
2023-10,41650,0.4605,0.2698,0.1674,0.1023
2023-11,41650,0.5484,0.2419,0.0968,0.1129
2023-12,41650,0.6629,0.2022,0.0674,0.0674
2024-01,41650,0.6351,0.1892,0.0946,0.0811
2024-02,41650,0.6104,0.1429,0.1299,0.1169
2024-03,41650,0.7426,0.1485,0.099,0.0099
2024-04,41650,0.7041,0.1327,0.0918,0.0714
2024-05,41650,0.7108,0.1687,0.0843,0.0361
2024-06,41650,0.7895,0.1447,0.0395,0.0263
2024-07,41650,0.7111,0.1333,0.1222,0.0333
2024-08,41650,0.8082,0.0685,0.0959,0.0274
2024-09,41650,0.7284,0.1358,0.0741,0.0617
2024-10,41650,0.7778,0.1222,0.0778,0.0222
2024-11,41650,0.7634,0.0968,0.0538,0.086
2024-12,41650,0.7826,0.058,0.1014,0.058
2025-01,41650,0.3648,0.0692,0.0377,0.5283
2025-02,41650,0.809,0.1011,0.0899,0.0
2025-03,41650,0.7103,0.1121,0.1215,0.0561
2025-04,41650,0.6923,0.1154,0.0769,0.1154
2025-05,41650,0.5789,0.2632,0.0658,0.0921
2025-06,41650,0.6386,0.1566,0.0482,0.1566
2025-07,41650,0.5974,0.1558,0.2078,0.039
2025-08,41650,0.7869,0.1311,0.0328,0.0492
2025-09,41650,0.6418,0.1642,0.1642,0.0299
2025-10,41650,0.7241,0.1207,0.1034,0.0517
2025-11,41650,0.6102,0.2034,0.1525,0.0339
2025-12,41650,0.7229,0.1325,0.1084,0.0361
2026-01,41650,0.7119,0.0847,0.1186,0.0847
2026-02,41650,0.6538,0.1731,0.0962,0.0769
2026-03,41650,0.8,0.0737,0.0947,0.0316
2026-04,41650,0.6296,0.2099,0.1111,0.0494
2026-05,41650,0.6711,0.1447,0.0921,0.0921
2026-06,41650,0.75,0.1579,0.0526,0.0395
2026-07,41650,0.6974,0.1842,0.0789,0.0395
2026-08,41650,0.614,0.1053,0.1228,0.1579
2023-01,41670,0.6429,0.1964,0.0536,0.1071
2023-02,41670,0.631,0.2381,0.0357,0.0952
2023-03,41670,0.6127,0.2465,0.0352,0.1056
2023-04,41670,0.6716,0.1791,0.0373,0.1119
2023-05,41670,0.5894,0.2649,0.0728,0.0728
2023-06,41670,0.5676,0.1622,0.036,0.2342
2023-07,41670,0.547,0.2393,0.0342,0.1795
2023-08,41670,0.701,0.1546,0.0928,0.0515
2023-09,41670,0.6129,0.1935,0.0753,0.1183
2023-10,41670,0.6145,0.2289,0.0241,0.1325
2023-11,41670,0.597,0.2687,0.0746,0.0597
2023-12,41670,0.6364,0.2078,0.039,0.1169
2024-01,41670,0.6,0.2105,0.1053,0.0842
2024-02,41670,0.5942,0.1739,0.0435,0.1884
2024-03,41670,0.5783,0.2771,0.0873,0.0572
2024-04,41670,0.6195,0.2035,0.0531,0.1239
2024-05,41670,0.688,0.136,0.064,0.112
2024-06,41670,0.5346,0.4279,0.0211,0.0164
2024-07,41670,0.6569,0.1961,0.0588,0.0882
2024-08,41670,0.7814,0.1366,0.0219,0.0601
2024-09,41670,0.6438,0.2329,0.0137,0.1096
2024-10,41670,0.7374,0.1515,0.0505,0.0606
2024-11,41670,0.7045,0.1591,0.0682,0.0682
2024-12,41670,0.6692,0.1923,0.0923,0.0462
2025-01,41670,0.5738,0.2295,0.0328,0.1639
2025-02,41670,0.7436,0.1154,0.0641,0.0769
2025-03,41670,0.6471,0.2157,0.0882,0.049
2025-04,41670,0.55,0.27,0.09,0.09
2025-05,41670,0.6575,0.1507,0.0685,0.1233
2025-06,41670,0.6835,0.1646,0.0506,0.1013
2025-07,41670,0.6827,0.1827,0.0769,0.0577
2025-08,41670,0.678,0.1695,0.0678,0.0847
2025-09,41670,0.6911,0.126,0.061,0.122
2025-10,41670,0.5699,0.2473,0.0645,0.1183
2025-11,41670,0.725,0.15,0.0625,0.0625
2025-12,41670,0.6941,0.1647,0.0588,0.0824
2026-01,41670,0.6514,0.1376,0.055,0.156
2026-02,41670,0.7246,0.1594,0.029,0.087
2026-03,41670,0.6842,0.1491,0.0702,0.0965
2026-04,41670,0.6774,0.086,0.0968,0.1398
2026-05,41670,0.6933,0.1104,0.1104,0.0859
2026-06,41670,0.6694,0.121,0.0968,0.1129
2026-07,41670,0.7524,0.1143,0.0476,0.0857
2026-08,41670,0.697,0.1667,0.0303,0.1061
2023-01,41800,0.619,0.2381,0.0952,0.0476
2023-02,41800,0.75,0.125,0.125,0.0
2023-03,41800,0.575,0.25,0.15,0.025
2023-04,41800,0.4667,0.3333,0.1333,0.0667
2023-05,41800,0.7778,0.1111,0.0556,0.0556
2023-06,41800,0.5094,0.3585,0.0566,0.0755
2023-07,41800,0.5667,0.3333,0.1,0.0
2023-08,41800,0.5172,0.3448,0.1379,0.0
2023-09,41800,0.5789,0.3684,0.0263,0.0263
2023-10,41800,0.3143,0.3714,0.1429,0.1714
2023-11,41800,0.4231,0.4231,0.0769,0.0769
2023-12,41800,0.2963,0.4444,0.0741,0.1852
2024-01,41800,0.3846,0.2692,0.1538,0.1923
2024-02,41800,0.375,0.4583,0.0833,0.0833
2024-03,41800,0.52,0.16,0.24,0.08
2024-04,41800,0.551,0.3265,0.102,0.0204
2024-05,41800,0.4167,0.3542,0.0833,0.1458
2024-06,41800,0.5,0.3,0.1333,0.0667
2024-07,41800,0.5238,0.3333,0.0952,0.0476
2024-08,41800,0.6471,0.2353,0.0588,0.0588
2024-09,41800,0.5652,0.3043,0.087,0.0435
2024-10,41800,0.5143,0.2857,0.0857,0.1143
2024-11,41800,0.575,0.275,0.075,0.075
2024-12,41800,0.5,0.3333,0.1429,0.0238
2025-01,41800,0.5769,0.3077,0.1154,0.0
2025-02,41800,0.4917,0.325,0.075,0.1083
2025-03,41800,0.697,0.2121,0.0606,0.0303
2025-04,41800,0.6667,0.1429,0.0952,0.0952
2025-05,41800,0.4,0.2667,0.2667,0.0667
2025-06,41800,0.4375,0.5625,0.0,0.0
2025-07,41800,0.4118,0.4706,0.0588,0.0588
2025-08,41800,0.8125,0.125,0.0625,0.0
2025-09,41800,0.6429,0.3571,0.0,0.0
2025-10,41800,0.4615,0.1538,0.3077,0.0769
2025-11,41800,0.7619,0.1429,0.0476,0.0476
2025-12,41800,0.4348,0.4348,0.0435,0.087
2026-01,41800,0.5714,0.2143,0.0714,0.1429
2026-02,41800,0.5,0.3889,0.0,0.1111
2026-03,41800,0.7308,0.2308,0.0385,0.0
2026-04,41800,0.5952,0.2381,0.0952,0.0714
2026-05,41800,0.5517,0.2759,0.1034,0.069
2026-06,41800,0.5106,0.3404,0.1277,0.0213
2026-07,41800,0.4839,0.3226,0.0968,0.0968
2026-08,41800,0.6471,0.1765,0.1176,0.0588
2023-01,41820,0.5714,0.2143,0.2143,0.0
2023-02,41820,0.6364,0.0909,0.1818,0.0909
2023-03,41820,0.4688,0.2812,0.0938,0.1562
2023-04,41820,0.6744,0.1628,0.093,0.0698
2023-05,41820,0.5,0.225,0.125,0.15
2023-06,41820,0.4375,0.25,0.125,0.1875
2023-07,41820,0.5818,0.2,0.0727,0.1455
2023-08,41820,0.5918,0.1837,0.1429,0.0816
2023-09,41820,0.6324,0.1912,0.0588,0.1176
2023-10,41820,0.6296,0.1667,0.1481,0.0556
2023-11,41820,0.5312,0.2188,0.125,0.125
2023-12,41820,0.5862,0.1724,0.069,0.1724
2024-01,41820,0.6364,0.2424,0.0909,0.0303
2024-02,41820,0.3333,0.2083,0.125,0.3333
2024-03,41820,0.6562,0.2188,0.0312,0.0938
2024-04,41820,0.6111,0.1389,0.1944,0.0556
2024-05,41820,0.5217,0.087,0.1739,0.2174
2024-06,41820,0.5556,0.2222,0.1111,0.1111
2024-07,41820,0.6667,0.1852,0.0741,0.0741
2024-08,41820,0.5294,0.2941,0.1176,0.0588
2024-09,41820,0.5333,0.1667,0.1,0.2
2024-10,41820,0.6818,0.1818,0.1364,0.0
2024-11,41820,0.5932,0.1751,0.1299,0.1017
2024-12,41820,0.6122,0.1633,0.0816,0.1429
2025-01,41820,0.5862,0.1034,0.1034,0.2069
2025-02,41820,0.593,0.2558,0.0465,0.1047
2025-03,41820,0.3671,0.3987,0.1139,0.1203
2025-04,41820,0.3404,0.3723,0.1277,0.1596
2025-05,41820,0.2273,0.3864,0.25,0.1364
2025-06,41820,0.3736,0.3297,0.1758,0.1209
2025-07,41820,0.5,0.2841,0.1136,0.1023
2025-08,41820,0.4853,0.2206,0.1324,0.1618
2025-09,41820,0.325,0.35,0.2125,0.1125
2025-10,41820,0.4697,0.2273,0.2424,0.0606
2025-11,41820,0.4902,0.2549,0.1961,0.0588
2025-12,41820,0.4717,0.2075,0.1887,0.1321
2026-01,41820,0.5818,0.1273,0.2,0.0909
2026-02,41820,0.6,0.125,0.125,0.15
2026-03,41820,0.625,0.0833,0.1667,0.125
2026-04,41820,0.6429,0.2143,0.1071,0.0357
2026-05,41820,0.1315,0.2561,0.2526,0.3599
2026-06,41820,0.2759,0.2529,0.1609,0.3103
2026-07,41820,0.3478,0.3043,0.1522,0.1957
2026-08,41820,0.3077,0.3077,0.2564,0.1282
2023-01,41830,0.5683,0.224,0.1366,0.071
2023-02,41830,0.5677,0.2178,0.1188,0.0957
2023-03,41830,0.5778,0.2,0.1556,0.0667
2023-04,41830,0.5584,0.1948,0.1558,0.0909
2023-05,41830,0.439,0.3049,0.0976,0.1585
2023-06,41830,0.4909,0.2909,0.1455,0.0727
2023-07,41830,0.4159,0.2212,0.1947,0.1681
2023-08,41830,0.406,0.2782,0.1805,0.1353
2023-09,41830,0.4758,0.2258,0.2016,0.0968
2023-10,41830,0.4398,0.2289,0.2169,0.1145
2023-11,41830,0.3617,0.2979,0.1702,0.1702
2023-12,41830,0.5634,0.2394,0.1408,0.0563
2024-01,41830,0.5263,0.2211,0.1684,0.0842
2024-02,41830,0.5244,0.2073,0.1707,0.0976
2024-03,41830,0.5583,0.1167,0.1833,0.1417
2024-04,41830,0.6237,0.1828,0.1075,0.086
2024-05,41830,0.5217,0.1957,0.1522,0.1304
2024-06,41830,0.5556,0.127,0.2381,0.0794
2024-07,41830,0.5983,0.1197,0.1966,0.0855
2024-08,41830,0.4545,0.2273,0.2273,0.0909
2024-09,41830,0.5904,0.1807,0.1205,0.1084
2024-10,41830,0.5606,0.1818,0.1364,0.1212
2024-11,41830,0.5481,0.1923,0.1538,0.1058
2024-12,41830,0.675,0.2,0.125,0.0
2025-01,41830,0.625,0.3333,0.0,0.0417
2025-02,41830,0.6667,0.2083,0.0417,0.0833
2025-03,41830,0.5781,0.1562,0.2188,0.0469
2025-04,41830,0.6316,0.2281,0.1053,0.0351
2025-05,41830,0.2968,0.5806,0.071,0.0516
2025-06,41830,0.5057,0.046,0.092,0.3563
2025-07,41830,0.6714,0.1714,0.0857,0.0714
2025-08,41830,0.3425,0.4384,0.1644,0.0548
2025-09,41830,0.4878,0.2683,0.1341,0.1098
2025-10,41830,0.4844,0.25,0.1562,0.1094
2025-11,41830,0.7,0.1286,0.1429,0.0286
2025-12,41830,0.5422,0.1446,0.2048,0.1084
2026-01,41830,0.5765,0.2235,0.1471,0.0529
2026-02,41830,0.5455,0.1558,0.2597,0.039
2026-03,41830,0.7042,0.0986,0.1408,0.0563
2026-04,41830,0.6271,0.1864,0.0847,0.1017
2026-05,41830,0.5918,0.1735,0.1531,0.0816
2026-06,41830,0.5542,0.1687,0.2048,0.0723
2026-07,41830,0.4608,0.2843,0.1569,0.098
2026-08,41830,0.5286,0.1857,0.2143,0.0714
